station_id,split,model,mean_peak_lag_hours,matched_peak_count,obs_peak_count,pred_peak_count
02070000,train,baseline,6.030075187969925,133,211,153
02191300,train,baseline,-2.75,72,76,104
02207448,train,baseline,-8.434782608695652,23,25,36
02232500,train,baseline,50.526315789473685,95,456,380
02245500,train,baseline,4.478260869565218,69,105,558
02246459,train,baseline,20.544303797468356,79,559,215
02294217,train,baseline,-1.9,10,11,598
02307000,train,baseline,-12.323529411764707,34,35,639
02399200,train,baseline,-1.7121212121212122,66,106,80
02413210,train,baseline,-6.073170731707317,41,63,44
02423130,train,baseline,8.683333333333334,60,123,68
02455000,train,baseline,3.1272727272727274,110,161,135
02458450,train,baseline,9.403225806451612,310,450,340
02470072,train,baseline,3.4782608695652173,23,79,26
03164000,train,baseline,3.269230769230769,130,164,154
07025500,train,baseline,4.392857142857143,28,59,34
07058000,train,baseline,-4.913043478260869,46,52,94
07071500,train,baseline,-10.837837837837839,37,38,110
07076517,train,baseline,23.2972972972973,74,538,107
07281600,train,baseline,-3.6842105263157894,19,24,216
07369500,train,baseline,-5.666666666666667,60,64,291
07377000,train,baseline,-3.6666666666666665,54,60,137
02070000,train,transfer,-1.868421052631579,190,211,434
02191300,train,transfer,-4.478260869565218,69,76,126
02207448,train,transfer,-3.52,25,25,34
02232500,train,transfer,47.22429906542056,321,456,434
02245500,train,transfer,0.14814814814814814,81,105,223
02246459,train,transfer,24.746031746031747,63,559,153
02294217,train,transfer,-1.2,10,11,155
02307000,train,transfer,-10.142857142857142,35,35,418
02399200,train,transfer,1.3529411764705883,102,106,182
02413210,train,transfer,-12.05084745762712,59,63,119
02423130,train,transfer,3.3168316831683167,101,123,219
02455000,train,transfer,0.9565217391304348,138,161,214
02458450,train,transfer,7.508670520231214,346,450,389
02470072,train,transfer,-2.4444444444444446,54,79,130
03164000,train,transfer,1.673913043478261,138,164,172
07025500,train,transfer,3.775,40,59,48
07058000,train,transfer,-1.9387755102040816,49,52,161
07071500,train,transfer,-7.891891891891892,37,38,137
07076517,train,transfer,34.317460317460316,189,538,247
07281600,train,transfer,6.523809523809524,21,24,228
07369500,train,transfer,-15.688524590163935,61,64,341
07377000,train,transfer,-4.480769230769231,52,60,148
02070000,train,symbolic,-2.8627450980392157,204,211,597
02191300,train,symbolic,-4.589041095890411,73,76,148
02207448,train,symbolic,-3.217391304347826,23,25,31
02232500,train,symbolic,47.04,300,456,408
02245500,train,symbolic,0.1,70,105,228
02246459,train,symbolic,23.308943089430894,123,559,221
02294217,train,symbolic,-6.2,10,11,142
02307000,train,symbolic,-8.909090909090908,33,35,830
02399200,train,symbolic,4.117021276595745,94,106,174
02413210,train,symbolic,-12.379310344827585,58,63,90
02423130,train,symbolic,3.18,100,123,197
02455000,train,symbolic,2.511278195488722,133,161,181
02458450,train,symbolic,10.15987460815047,319,450,350
02470072,train,symbolic,-0.3333333333333333,48,79,118
03164000,train,symbolic,1.673758865248227,141,164,174
07025500,train,symbolic,7.275,40,59,54
07058000,train,symbolic,-5.1063829787234045,47,52,172
07071500,train,symbolic,-4.5,36,38,162
07076517,train,symbolic,26.981220657276996,213,538,268
07281600,train,symbolic,4.666666666666667,21,24,300
07369500,train,symbolic,-10.68421052631579,57,64,257
07377000,train,symbolic,-6.944444444444445,54,60,136
02070000,val,baseline,1.8214285714285714,28,50,34
02152474,val,baseline,,0,2,0
02191300,val,baseline,-5.981481481481482,54,65,70
02207448,val,baseline,-3.0625,16,20,40
02232500,val,baseline,35.032786885245905,61,241,216
02245500,val,baseline,2.1666666666666665,24,34,311
02246459,val,baseline,21.0375,80,417,118
02294217,val,baseline,-7.0,1,1,365
02307000,val,baseline,-4.8,5,5,355
02343225,val,baseline,-27.0,2,4,6
02390000,val,baseline,3.3846153846153846,26,39,30
02399200,val,baseline,-3.4642857142857144,28,38,46
02413210,val,baseline,-34.0,3,6,4
02423130,val,baseline,19.25,12,69,12
02455000,val,baseline,0.20833333333333334,48,73,55
02458450,val,baseline,8.950819672131148,122,170,136
02470072,val,baseline,-0.7272727272727273,11,29,11
03164000,val,baseline,1.490566037735849,53,73,64
03601630,val,baseline,,0,0,0
07058000,val,baseline,-3.9,20,21,47
07071500,val,baseline,-5.2631578947368425,19,20,56
07076517,val,baseline,22.29090909090909,55,273,81
07281600,val,baseline,-0.16666666666666666,12,13,125
07346045,val,baseline,-10.5,4,6,37
07369500,val,baseline,-9.146341463414634,41,41,150
07375960,val,baseline,-3.7777777777777777,9,13,25
07377000,val,baseline,-10.558823529411764,34,36,92
08039100,val,baseline,-5.5,2,3,2
02070000,val,transfer,-1.4893617021276595,47,50,151
02152474,val,transfer,-8.0,1,2,5
02191300,val,transfer,-5.3061224489795915,49,65,81
02207448,val,transfer,-0.5555555555555556,18,20,45
02232500,val,transfer,34.857894736842105,190,241,313
02245500,val,transfer,3.032258064516129,31,34,112
02246459,val,transfer,46.5,54,417,57
02294217,val,transfer,-1.0,1,1,78
02307000,val,transfer,-13.6,5,5,184
02343225,val,transfer,-6.0,2,4,9
02390000,val,transfer,2.5675675675675675,37,39,150
02399200,val,transfer,-0.9411764705882353,34,38,138
02413210,val,transfer,-23.2,5,6,9
02423130,val,transfer,3.909090909090909,55,69,88
02455000,val,transfer,-0.9838709677419355,62,73,96
02458450,val,transfer,9.489051094890511,137,170,157
02470072,val,transfer,-4.538461538461538,26,29,60
03164000,val,transfer,-0.9814814814814815,54,73,75
03601630,val,transfer,,0,0,7
07058000,val,transfer,-9.6,20,21,74
07071500,val,transfer,-1.736842105263158,19,20,86
07076517,val,transfer,18.048780487804876,123,273,261
07281600,val,transfer,3.076923076923077,13,13,202
07346045,val,transfer,-10.333333333333334,3,6,31
07369500,val,transfer,-15.902439024390244,41,41,201
07375960,val,transfer,-12.833333333333334,12,13,60
07377000,val,transfer,-3.967741935483871,31,36,89
08039100,val,transfer,-8.0,3,3,5
02070000,val,symbolic,-4.58,50,50,220
02152474,val,symbolic,-8.0,1,2,7
02191300,val,symbolic,-6.4423076923076925,52,65,78
02207448,val,symbolic,-2.4,15,20,35
02232500,val,symbolic,42.23870967741936,155,241,239
02245500,val,symbolic,4.392857142857143,28,34,109
02246459,val,symbolic,33.05940594059406,101,417,119
02294217,val,symbolic,-7.0,1,1,55
02307000,val,symbolic,-13.8,5,5,370
02343225,val,symbolic,-39.666666666666664,3,4,12
02390000,val,symbolic,1.0810810810810811,37,39,136
02399200,val,symbolic,1.4545454545454546,33,38,110
02413210,val,symbolic,-24.2,5,6,10
02423130,val,symbolic,0.7096774193548387,62,69,119
02455000,val,symbolic,-0.06666666666666667,60,73,82
02458450,val,symbolic,12.288,125,170,139
02470072,val,symbolic,-5.8,25,29,49
03164000,val,symbolic,-0.5636363636363636,55,73,72
03601630,val,symbolic,,0,0,6
07058000,val,symbolic,-9.05,20,21,89
07071500,val,symbolic,-3.6,20,20,87
07076517,val,symbolic,22.598540145985403,137,273,263
07281600,val,symbolic,-1.2307692307692308,13,13,177
07346045,val,symbolic,-17.0,5,6,57
07369500,val,symbolic,-13.0,41,41,159
07375960,val,symbolic,13.363636363636363,11,13,52
07377000,val,symbolic,-8.225806451612904,31,36,94
08039100,val,symbolic,-7.666666666666667,3,3,4
02070000,test,baseline,-0.5454545454545454,55,68,68
02152474,test,baseline,-3.888888888888889,54,63,78
02191300,test,baseline,-3.825,80,87,133
02207448,test,baseline,-5.346153846153846,26,30,90
02232500,test,baseline,27.85,60,258,391
02245500,test,baseline,2.2962962962962963,27,48,201
02246459,test,baseline,40.509433962264154,106,465,110
02294217,test,baseline,15.0,1,2,506
02307000,test,baseline,-6.413793103448276,29,31,463
02343225,test,baseline,-5.338983050847458,59,97,72
02390000,test,baseline,4.743589743589744,78,128,85
02399200,test,baseline,-5.484848484848484,66,84,88
02413210,test,baseline,-7.109756097560975,82,94,110
02423130,test,baseline,8.34,50,100,55
02455000,test,baseline,1.79,100,124,125
02458450,test,baseline,8.101382488479263,217,273,268
02470072,test,baseline,4.55,20,47,24
03164000,test,baseline,5.4,75,101,88
03601630,test,baseline,5.0,1,1,1
07058000,test,baseline,-3.135135135135135,37,44,92
07071500,test,baseline,1.1428571428571428,28,34,91
07076517,test,baseline,25.32894736842105,76,485,103
07281600,test,baseline,-3.3666666666666667,30,38,177
07346045,test,baseline,-25.6875,16,23,156
07369500,test,baseline,-4.677966101694915,59,60,286
07375960,test,baseline,-3.9420289855072466,69,86,152
07377000,test,baseline,-9.175675675675675,74,80,152
08039100,test,baseline,0.75,12,18,15
02070000,test,transfer,-3.8333333333333335,66,68,270
02152474,test,transfer,-4.508474576271187,59,63,155
02191300,test,transfer,-3.4430379746835444,79,87,173
02207448,test,transfer,-3.8275862068965516,29,30,109
02232500,test,transfer,30.842424242424244,165,258,369
02245500,test,transfer,2.4,35,48,125
02246459,test,transfer,51.88709677419355,62,465,62
02294217,test,transfer,4.5,2,2,160
02307000,test,transfer,-8.10344827586207,29,31,234
02343225,test,transfer,0.0,57,97,167
02390000,test,transfer,5.413793103448276,116,128,241
02399200,test,transfer,-1.358974358974359,78,84,177
02413210,test,transfer,-6.6,85,94,151
02423130,test,transfer,3.528735632183908,87,100,179
02455000,test,transfer,2.75,104,124,139
02458450,test,transfer,7.87719298245614,228,273,307
02470072,test,transfer,-0.6052631578947368,38,47,118
03164000,test,transfer,2.2048192771084336,83,101,121
03601630,test,transfer,2.0,1,1,38
07058000,test,transfer,-1.2702702702702702,37,44,161
07071500,test,transfer,-2.9285714285714284,28,34,129
07076517,test,transfer,29.80745341614907,161,485,288
07281600,test,transfer,2.2,30,38,303
07346045,test,transfer,-30.2,15,23,135
07369500,test,transfer,-22.406779661016948,59,60,238
07375960,test,transfer,-13.125,80,86,247
07377000,test,transfer,-1.1549295774647887,71,80,242
08039100,test,transfer,-1.5,16,18,20
02070000,test,symbolic,-4.161764705882353,68,68,357
02152474,test,symbolic,-4.982758620689655,58,63,169
02191300,test,symbolic,-1.8148148148148149,81,87,186
02207448,test,symbolic,-4.2592592592592595,27,30,82
02232500,test,symbolic,35.83898305084746,118,258,355
02245500,test,symbolic,1.8571428571428572,28,48,106
02246459,test,symbolic,38.339622641509436,106,465,109
02294217,test,symbolic,-10.5,2,2,93
02307000,test,symbolic,-8.612903225806452,31,31,540
02343225,test,symbolic,-4.315789473684211,57,97,156
02390000,test,symbolic,3.8157894736842106,114,128,234
02399200,test,symbolic,-0.4189189189189189,74,84,159
02413210,test,symbolic,-7.438202247191011,89,94,155
02423130,test,symbolic,2.977272727272727,88,100,215
02455000,test,symbolic,0.9238095238095239,105,124,159
02458450,test,symbolic,8.228971962616823,214,273,271
02470072,test,symbolic,1.5555555555555556,36,47,105
03164000,test,symbolic,5.585365853658536,82,101,109
03601630,test,symbolic,2.0,1,1,32
07058000,test,symbolic,-1.225,40,44,149
07071500,test,symbolic,3.923076923076923,26,34,131
07076517,test,symbolic,16.693121693121693,189,485,373
07281600,test,symbolic,0.10344827586206896,29,38,300
07346045,test,symbolic,-9.909090909090908,22,23,845
07369500,test,symbolic,-13.578947368421053,57,60,230
07375960,test,symbolic,-10.71830985915493,71,86,203
07377000,test,symbolic,-7.684210526315789,76,80,162
08039100,test,symbolic,-1.4375,16,18,20
