station_id,kge_M0,nse_M0,kge_r_M0,kge_alpha_M0,kge_beta_M0,n_days_M0,kge_M1,nse_M1,kge_r_M1,kge_alpha_M1,kge_beta_M1,n_days_M1,kge_era5_land,nse_era5_land,kge_r_era5_land,kge_alpha_era5_land,kge_beta_era5_land,n_days_era5_land
GRDCCaravan__1159653,-0.16804786761503143,0.2657997221789299,0.7394951894842476,0.4753147163549451,-0.010533729206740661,1561,0.8370466177387403,0.7251731835926956,0.8551375257121904,0.9319105048662051,1.030536682629631,1561,-0.13369564367908282,-2.323585172613406,0.34837198835892147,1.9098299259257927,1.1812629383836943,1561
GRDCCaravan__1159660,-0.039052419296344176,0.41960429454193515,0.8957874972722232,0.3192483334919237,0.2219596071750028,1630,0.38533638606518117,0.634532335566705,0.8240611152747557,0.6661638701330014,1.4851909990225227,1630,0.12039121713509493,-1.1460172903667853,0.2422763083746739,1.3365922946077937,1.2937210330456905,1630
GRDCCaravan__1159670,0.41933835083200843,0.4774455345616656,0.793286082687148,1.1410036407163726,0.4760197708802409,1526,0.48143796691568763,0.2329782694510827,0.8170767694499557,1.4755508777671642,0.9035788584565067,1526,-3.119560578637045,-19.344997847216934,0.259749967513368,4.6233656632910884,2.814946423602376,1526
GRDCCaravan__1159673,-0.41393556954515076,0.10527149953309345,0.8916777584764977,0.19174005580034298,-0.15507400170667046,422,0.6243392347414469,0.6639575209183504,0.8217813127400517,0.7642715396372106,1.2319293061279046,422,0.14402099100591503,-1.1258105027996255,0.1864824247204943,1.2636932500631999,1.036811525653746,422
GRDCCaravan__1160101,-0.30303050407840715,-0.06080419356745814,0.5755845789838586,0.13432277813950014,0.12343682913642423,1269,0.6010679761139652,0.6623252479136991,0.8343125386999893,0.6644978358224832,0.8616789145431258,1269,-0.3374846196269847,-0.10421903036193592,0.7035164332290432,0.09195695990429828,0.06382670423298893,1269
GRDCCaravan__1160113,-0.09725258334918885,0.08937797077980447,0.7399144577273064,0.3360988385286864,0.16600120493838355,1633,0.7707005805537533,0.7451857085634018,0.8675570788479292,0.8679871843801769,0.8672984065385095,1633,-0.2870327274265325,-0.16751454845887426,0.43126908567862116,0.22628158531102535,0.14305297518847332,1633
GRDCCaravan__1160115,0.16523526425504265,0.3913213435493188,0.7281888280815021,0.5685710138922409,0.3390764939800733,1627,0.569489567062059,0.6241341107402225,0.8309295347014581,0.990977862061138,0.6041805820084618,1627,-0.3438624525320346,-0.2454640505584902,0.15807501348971845,0.4251331208219481,0.12441066724224857,1627
GRDCCaravan__1160210,-0.07553060755427232,0.19612950354795655,0.714508591197353,0.2771638504111689,0.2565158749956155,1494,0.7705062334690378,0.7533677477777012,0.8699774504299713,0.8546011474379949,1.120916083105307,1494,-0.2791632378844229,-0.0018533049397337908,0.6140939879537302,0.16255405915673496,0.11342262876461622,1494
GRDCCaravan__1160220,-0.4223300617954109,-0.1139179547385265,0.8063892699376113,0.035904341707274606,-0.027646462336518986,1624,0.7519913040554846,0.7439378767282347,0.8655663703278169,0.7942086806423986,1.0329521676725386,1624,-0.42342169042230204,-0.06674376330872467,0.2784869832151234,0.18087985015950103,0.08644077613985623,1624
GRDCCaravan__1160230,-0.32485374304389114,-0.0408164527985746,0.7981356536963661,0.08804422512305861,0.060412382575519216,1629,0.7311729180047066,0.8092096696141848,0.913546882550068,0.7582860398892601,0.9201988722831808,1629,-0.4571616014414386,-0.12465780459397213,0.4218502576539497,0.07882405322254113,0.030207401956879095,1629
GRDCCaravan__1160240,-0.28077346691919547,-0.32276691560287696,0.7312115751051881,0.1626299271137879,0.06890128491049803,1632,0.6713790173349727,0.7440858104819328,0.8855843564502888,0.7860273731975823,0.7783775152695311,1632,-0.3235979318078017,-0.37639353118500973,0.5360806872045742,0.1946935468214182,0.057571290351231735,1632
GRDCCaravan__1160250,0.725878074451954,0.6749338976945285,0.879753342117124,1.1909475460680992,1.1556361332876728,1636,0.7416197417970398,0.7463779531230614,0.8995663582173891,1.1436635911859263,1.189826799991133,1636,0.36022093387555076,-0.02708982953702166,0.4014026237157286,0.8328298790742686,0.8481692217423121,1636
GRDCCaravan__1160255,0.7031238749308588,0.695880518813607,0.9034503250293023,1.246663991713232,0.8659460217255167,592,-0.17866162659054274,0.5625350455786314,0.8940305826448611,0.6517995182796822,-0.12105759758908675,592,0.2089379929116687,-0.8500651980720713,0.2772798875380486,1.2365606796613045,1.2179306837959838,592
GRDCCaravan__1160263,0.03378325331548304,0.3599547864868886,0.7900665862932728,0.398440918385762,0.27361894661927844,1639,0.7184892674298731,0.7529871853575293,0.8739083887868588,0.7947087655546378,0.8543816385418964,1639,-0.02254482516901013,0.22139460675443623,0.6440741282949211,0.3417955787502864,0.3030913738672544,1639
GRDCCaravan__1160265,-0.08638066676502554,0.3250475529106246,0.7654611953753172,0.3660265499491066,0.1495341471425123,1614,0.8778935316458681,0.8054474151441368,0.9002021396537511,0.9663924489358947,0.9381864966556437,1614,-0.17330041386377348,0.10124155480588826,0.4520061334397041,0.32540284726671387,0.2118025216296728,1614
GRDCCaravan__1160266,0.20292314370969533,0.488744304453651,0.7852851451046131,0.586845690284461,0.35305907357443805,1633,0.7322909087571019,0.7740543101526904,0.8847965420785465,0.8585247811729605,0.8040890935274927,1633,-0.05053825311168336,-0.025977814123437026,0.3032449020981719,0.5021906896179114,0.39143706546021845,1633
GRDCCaravan__1160270,-0.28822962458825896,-0.05407752381900721,0.6716180489749751,0.18666453682653672,0.056503161503859305,1639,0.8568610903012547,0.8254186010030143,0.9101151000075716,0.9325950776351705,1.0886906345906264,1639,-0.2417402052817561,-0.04048752642449882,0.4709864168020429,0.285269216987211,0.1332686263788753,1639
GRDCCaravan__1160271,-0.33617284289964355,-0.001002889078420388,0.6251436971054065,0.1275178772443853,0.059991721443598704,1611,0.5084218885085996,0.6553905476696354,0.859868470515272,0.5842601557273368,0.778251096900426,1611,-0.3518349428837415,-0.01849754075408394,0.5263551222164604,0.12926235168740446,0.08079698087856833,1611
GRDCCaravan__1160290,0.021579297262708685,0.27595824366312993,0.7496719712626737,0.384245844599469,0.28202383766562406,1625,0.8370848959983284,0.7188783539681376,0.852003278561297,0.9351002167498732,1.0206475104881192,1625,-0.055666176649560084,0.1470359665349169,0.6109836072018372,0.36403839310021047,0.2525709684487475,1625
GRDCCaravan__1160295,0.2010570581198563,0.5237536766578996,0.8448641533015603,0.536102981689053,0.3683020897205138,1580,0.7621014213952158,0.7901026896525258,0.8954529270805718,0.7878614325114142,0.9742537103634873,1580,0.1657335119800919,0.31047970237649236,0.6342681419719146,0.5213045958743602,0.42285921030879636,1580
GRDCCaravan__1160300,-0.31255274490075013,0.044198031347841504,0.7139584175142526,0.19288435809521673,0.0052441194804765355,1623,0.599747193745634,0.6158815124639259,0.8889082379853718,1.2913053337028184,1.2510022547374222,1623,-0.19811081801768138,0.06935690876507183,0.4881196171097389,0.30501274705620285,0.1690723713170008,1623
GRDCCaravan__1160301,-0.42671897859981733,-0.04081403937916206,0.6033837094451667,0.06764897439980744,-0.0044621083075754185,1512,0.3716001320134732,0.5356707560664837,0.7843828116443086,0.5300506384157117,0.6428680639909244,1512,-0.3070514916191689,0.0506498211615779,0.6844925411773684,0.11811734635263269,0.08834127527508547,1512
GRDCCaravan__1160303,-0.1570244887507195,0.14205533555698402,0.6317091120748083,0.20126989205803408,0.24827019208551188,1569,0.5585929823957675,0.5396928212259664,0.7412615641502032,0.6423986727249904,0.9960165673828696,1569,-0.3263888290001149,-0.02424287744652842,0.23376965469550628,0.2554643710010394,0.21395605671058415,1569
GRDCCaravan__1160304,-0.20493183441736185,0.1048349619117721,0.6933633859936741,0.17040376058422896,0.1817061700768268,1631,0.5621562907797468,0.5845176024535168,0.7780087484250199,0.6413878483451263,0.8824231204131301,1631,-0.30598177400827464,-0.0012690649925286568,0.3350419154796603,0.22630798565506485,0.1846351695028061,1631
GRDCCaravan__1160305,0.02378540778591265,0.2468811626846088,0.6995838516448775,0.3015674743895763,0.38767894448366824,1636,0.6183664501927872,0.5629072068698613,0.7519819361630603,0.7240270797914401,1.0892757170824736,1636,-0.31800649505159684,-0.13830899115855178,0.16364808190519467,0.338324007005176,0.2255056679409148,1636
GRDCCaravan__1160317,-0.3186400933710163,0.01682080959325949,0.7211925309690411,0.09920855121336722,0.07823383830227705,1580,0.4240242956703635,0.6305774209665731,0.9027069760892775,0.4821231787062279,0.767436723786865,1580,-0.309271719189665,0.018000530773215062,0.666683677914635,0.10378834956788353,0.10563019855817571,1580
GRDCCaravan__1160320,-0.5597906963395864,-0.13420556695889663,0.57920936251853,0.039746485325885504,-0.15490062055203693,1444,0.5402606038285537,0.6094629203765761,0.7995858272723246,0.6453409747491495,0.7869003811122972,1444,-0.36096364597115493,-0.038778106014597524,0.24487122964720986,0.2605854920667727,0.14252185374877027,1444
GRDCCaravan__1160332,-0.1439658006296458,0.10720385627384177,0.7507743497315998,0.22973575445212188,0.1917690179849091,1251,0.8452245291004237,0.7571080924988871,0.8719463762390933,0.9237842282080885,1.0418195165448985,1251,-0.2511238595402816,-0.017430229947623888,0.7104044353573358,0.1608587757544248,0.11836099982934939,1251
GRDCCaravan__1160340,-0.5547166917148438,-0.1580115071912036,0.6047694200892645,0.03092811722882546,-0.14971147085801628,895,0.4803829814444672,0.5013659539944801,0.7243680464971233,0.5805617883197755,0.8654620545599719,895,-0.3242729824723851,-0.012607282106960715,0.3028229189895138,0.22667124286816837,0.1817056255766264,895
GRDCCaravan__1160351,-0.15376480752111021,0.28917577825818774,0.7575159686121984,0.27018083669941484,0.1399193558302932,1640,0.8373719167565444,0.7959644383515212,0.892591295448299,0.9103750562149436,0.9170624747325362,1640,-0.13866607842940115,0.29131997898345363,0.6675033789870523,0.3415047831937434,0.1325955472652652,1640
GRDCCaravan__1160396,-0.28977561311829314,0.054361213287861365,0.7775264244201452,0.18527807291847517,0.02518985340941896,1592,0.8050306534725422,0.6105665776913051,0.8093833292392569,1.0197749563067464,0.9641212874185726,1592,-0.10092555192630281,0.034155825805628814,0.4305968072826884,0.5335406163355315,0.1813225797672622,1592
GRDCCaravan__1160400,-0.3560252395670953,0.05234340687564687,0.7677217328196972,0.07295084877049603,0.038006690177436665,1624,0.4661039714793118,0.6639426887770152,0.8987879382542716,0.5231662305576129,0.7822142241864569,1624,-0.3495607135714085,0.06776840913515703,0.4011143621728183,0.1863999243482862,0.10517877242477934,1624
GRDCCaravan__1160403,-0.4272206551124136,0.010006594012712422,0.22315510373274666,0.14256085396020574,0.16437513418904567,1630,0.3326348169682175,0.08015195834381683,0.4499621851076996,0.7928177000954347,1.3160857230527865,1630,-0.4536124483500461,-0.009202287784528806,0.17602073687101574,0.21280578873415815,0.0975740486437788,1630
GRDCCaravan__1160405,-0.42749004825019,-0.04648948171481515,0.5877066827984815,0.04332684831196676,0.024029437286358004,1624,0.49269257923428034,0.7266220810437878,0.8927497007792315,0.6522272938603354,0.6465706048652474,1624,-0.3622049901775375,0.02882779858968143,0.579805149834881,0.1130754346504989,0.055328872813984714,1624
GRDCCaravan__1160417,-0.18629990842723032,0.11907848453728764,0.7631606616787874,0.17473190513848577,0.18137482804297303,1616,0.7385016936115933,0.5784668644089546,0.8265554191795506,1.1455149070762853,1.1308577603606436,1616,-0.3847356449370345,-0.15391224248801216,0.17389415055066434,0.36878099834001676,0.08533913180449745,1616
GRDCCaravan__1160419,-0.23749176937349303,-0.003944711814291013,0.5998336401741415,0.21423705519792824,0.13176653006991462,1519,0.6970707854654405,0.4267999510069267,0.7539384176344205,1.1242352718422135,0.8743600225542698,1519,-0.41407239937401186,-0.3080977526942035,0.11939120733388053,0.39676330648015007,0.07251178091485565,1519
GRDCCaravan__1160420,-0.2587304708850311,0.1500713541279639,0.665872092202063,0.18683636114276203,0.09915271216177778,1543,0.7952353979624018,0.78991124290048,0.8907349142241907,0.9297986292300963,0.8416919117036419,1543,-0.23560336162313678,0.1777750062916459,0.6312994990509833,0.23449198686479494,0.10290853884337363,1543
GRDCCaravan__1160427,-0.30572857848822177,0.07685765720376603,0.6580797530986034,0.1400545740613282,0.07885314425607652,1606,0.589690307472369,0.7494546630561114,0.8785862772480053,0.7685968632089428,0.6836689392536988,1606,-0.36297052850250844,0.03700901830753223,0.5851949533529341,0.12716889798533657,0.03885937438978226,1606
GRDCCaravan__1160430,0.06505650861757117,0.47758850623703086,0.838795556120174,0.4065063882473491,0.2957998919621246,1613,0.7859390420934829,0.7837156501168914,0.9229319486395136,1.1828941782360076,1.080201800021749,1613,-0.044613033297395965,0.3357788680351329,0.649372499061254,0.47178360173708284,0.16978064252488828,1613
GRDCCaravan__1160450,-0.27349034838046005,0.18321420654683773,0.7588815072982459,0.16792469134160234,0.06657072007759914,1643,-0.1553297712570083,0.19378081387964186,0.7719384721089947,1.3589250375989175,2.0742195479665257,1643,-0.22300407412325285,0.18003935506385804,0.5369046923857704,0.27073331949990287,0.13429115165655922,1643
GRDCCaravan__1160453,-0.45159331635352573,-0.687074286885349,0.5333159453986005,0.1339568313909372,-0.06737921066910409,624,-0.4642068220872635,-2.0627335332475605,0.6168035214131781,1.86111935409481,2.1205068204383584,624,-0.37534511230986656,-3.0748021350118897,0.10209569169400781,1.7486487575343472,0.2755228996562727,624
GRDCCaravan__1160455,-0.1852912632979289,0.18348379785122615,0.7123651759080948,0.20700204767245203,0.16733209835833404,1637,0.8650083688630806,0.8008796314927296,0.8965123656480767,0.9455515061141788,1.0674419122416796,1637,-0.4504521023504895,-0.027855876375346922,0.39661641579242846,0.08778801453630358,0.047314928689359374,1637
GRDCCaravan__1160456,-0.2943336412853488,0.06125921423852143,0.6950200411389629,0.11116271391158947,0.10991288150254701,1641,0.7381821632739225,0.7426503908570276,0.8665813216437827,0.7756360352858107,1.0202199711011977,1641,-0.3897456859853976,0.013909302103385146,0.5177009896805446,0.11750428509612482,0.04084305270920563,1641
GRDCCaravan__1160457,-0.26773628821867934,0.07685905552217476,0.7106951564737921,0.12528539820905313,0.12917718829117913,1624,0.7963727199168906,0.7175587713605788,0.8484028681770447,0.8879137586665533,1.0769353840624647,1624,-0.4041360882831295,-0.0009890459697661225,0.4049728306775849,0.15304549321259758,0.05120661594859868,1624
GRDCCaravan__1160485,-9.373515289717746,-7.292249786523573,0.5812025118112599,2.2576400205258307,11.288477521415228,120,-68.89776675852751,-1068.0050710864,0.656681382970308,30.411973390191363,64.4075370240115,120,-16.59049902378951,-157.80704098591966,0.12669355944374164,12.359628404640693,14.402307050478397,120
GRDCCaravan__1160487,-0.06777184514450774,0.35163328220897105,0.9520786895893681,0.21134234381398767,0.28176649853197483,1033,0.43821303268686196,0.7320576945845858,0.8800997813340458,0.67970670971669,1.4456913084257315,1033,-0.20664490872421792,0.21612093993643944,0.6799810152428302,0.19220823371354223,0.16271137147046394,1033
GRDCCaravan__1160490,-0.7142373891994518,0.3816216837141898,0.9186899000277791,0.24725567442916035,-0.5379773972632893,1187,-2.7428843563060563,0.4614969117708959,0.8751694940890256,0.38736510213098596,-2.6902952634427013,1187,0.23857300617296473,-0.08883915385291119,0.2997240144095589,0.7223510636469856,1.1108858831224797,1187
GRDCCaravan__1160500,-2.581196100433296,-0.2789194932220982,0.8399956312916594,1.7906080147442576,4.489169396686701,1617,-6.242854831088715,-5.135863861852768,0.6585679135597039,2.9492464016139097,-5.967266946254419,1617,-2.720075733544599,-6.694331894824272,0.03672119803551109,2.611051350333124,4.211786256833269,1617
GRDCCaravan__1160550,0.39914051727337563,-0.2613190794354223,0.40238793094242853,1.052877426793644,1.0331045410014688,1636,-0.9768863735304443,-0.24550570183806109,0.3640402485697613,0.6375431396916591,-0.8363714092815102,1636,-0.047270102840222705,-0.7020623697306945,0.12033869227859437,0.9496341543444623,0.43393115825701933,1636
GRDCCaravan__1160602,0.4220481236305662,0.2713402696795355,0.6032878648583379,0.8322626101937043,0.6146274253514352,1580,0.6893633398064491,0.3656407984119525,0.7427823601342441,1.174156730573669,1.0019114376747076,1580,-2.1455011364583676,-15.42355916391585,0.07954498674234979,4.007587705252922,0.9631738782763427,1580
GRDCCaravan__1160625,-3.4386725921942753,-1.110518612936168,0.47623291003167917,1.457311489622326,5.383873700008039,1642,0.04715455693821091,0.057216318607424155,0.5440906962634898,1.0186139837005457,1.8364894887211096,1642,-3.1199659220284675,-15.987932925009193,0.06523342674172598,4.047611005060865,3.6100570518720025,1642
GRDCCaravan__1160630,0.7124696746595138,0.4524104247061552,0.7158040446840158,0.9606522444310829,0.9810764405005371,1640,-0.11217622313489461,0.019528247191706094,0.7354984159596831,1.4297803767796933,0.008907829169321391,1640,-0.46481767608251756,-3.2581244688821203,0.20201376049709474,2.0129713019189484,1.694836619081371,1640
GRDCCaravan__1160635,0.01715296429091051,0.20378680112179015,0.6333496652529569,0.22713490248175025,0.5160213138265985,1627,0.2068432815220307,0.370427478401514,0.7079752595626987,0.37748019586545484,0.604666944843269,1627,-0.04466028526337662,-0.24553622763654515,0.22801633875280797,0.7180386888922051,0.35513244971365343,1627
GRDCCaravan__1160641,-0.2867347581289579,0.00627913868372032,0.6091215059789546,0.11739282594413993,0.14917397959738213,1644,0.5158357830303142,0.5887098033080844,0.8054166006403799,0.5621930557656203,0.9301618351638716,1644,-0.22212659905687504,-0.3740349412822823,0.13122376705817895,0.6649257717301243,0.20845306977596725,1644
GRDCCaravan__1160650,0.20513995616381353,0.4887268569384675,0.8391939938368257,0.5583245248907904,0.3590111605057639,1601,0.4447421139885377,0.6328670830479728,0.858909438331176,0.6204786339042807,0.6200417048375798,1601,0.16024905715881532,-0.8219449787169766,0.25460922373921885,1.1750554217054465,0.655137946419823,1601
GRDCCaravan__1160671,0.07625007036714848,0.3559303926439795,0.8399306587395293,0.277917132009259,0.44656701377727487,1642,0.6567910087839071,0.6864309542989537,0.8352900041485528,0.7425851444775355,1.1562069815166183,1642,0.12544633581749254,-0.934549383287655,0.20875602755849382,1.1920772079778956,0.6808081552021554,1642
GRDCCaravan__1160675,0.6948944885871695,0.6679754307173407,0.8190690474035061,0.8382654503138564,0.8150802905993242,1520,0.6315332618244329,0.7173893416811791,0.8627115554887846,0.9977344150864434,1.3419276053061997,1520,0.04264808568161338,-1.3585370652928233,0.17476813988319836,1.3498037207639273,0.6636186363114694,1520
GRDCCaravan__1160680,-0.027114598557087977,0.23264965915541558,0.7266856824905079,0.43850641256418227,0.18453164765156926,1549,0.5944252096317171,0.6958568802545431,0.8606444164403593,0.689354745111506,0.7796129370214958,1549,0.5322668265586361,0.01808092272323547,0.6045707353161134,1.1864615174846682,1.1662591972385425,1549
GRDCCaravan__1160685,-0.06167217948552328,0.30815602486109983,0.7911512651698256,0.3686421818141624,0.17240267758468705,1621,0.5893317506269438,0.7114621089331664,0.8736698346097203,0.6647617421599623,0.7992404153322396,1621,0.5048939030529049,0.21511608379128555,0.6275505209195206,1.0240178855819695,1.3253222616714653,1621
GRDCCaravan__1160700,0.2537326069048197,0.5859479630297595,0.8684794674967726,0.5650870065985657,0.4079965712111559,1581,0.6686847063365913,0.7663030411510046,0.9004873463937606,0.6919336206102354,0.9295573887678981,1581,0.4959146134012469,0.0497866628545659,0.5994980191707042,1.141316859310552,1.271532292018512,1581
GRDCCaravan__1160701,0.3023315315883842,0.32489979050970796,0.6912204701609581,0.7384618908850054,0.4316741152747457,1302,0.6621430460308044,0.617316559958425,0.7934850467648061,0.7873879818026088,0.8378425914315323,1302,0.27144967447111323,-0.8094505958873182,0.4710519494063119,1.4823903078046494,1.135274267832133,1302
GRDCCaravan__1160715,-0.0021645734067441413,0.34517713576355247,0.8489326135377304,0.3706052546221808,0.23490214257928366,1616,0.7299059514363154,0.7340804411530865,0.8678091800494356,0.9444934597430162,1.228900428525198,1616,0.08698779256313571,-0.8205904163072664,0.23767184654496806,1.142605225263661,0.5182211844569361,1616
GRDCCaravan__1160717,0.4337546423659081,0.5980075835944065,0.8687767960388176,0.4789978757464674,0.8211954634031082,1579,0.4987503026616775,0.6964271985875266,0.8747525956887646,1.0581381711031892,1.481855061046197,1579,-0.8649497892031897,-5.842020386785567,0.24640562765908502,2.6724359000363265,1.3362906458627808,1579
GRDCCaravan__1160720,0.24655976017782422,0.6201030744391693,0.8744398052509025,0.5806011979088144,0.38680225270933594,1644,0.5048381067389845,0.700554218405873,0.9051123155912725,0.5729249393970542,0.7680764770525137,1644,0.007464858463367086,-0.40983525132175425,0.19037007325812189,0.8227603641174467,0.45391255244118184,1644
GRDCCaravan__1160721,0.13228781591240146,0.293561411120998,0.6835901822530702,0.500688394368171,0.3647857195175867,1225,0.628540522538032,0.606588742587609,0.7859167875384022,0.744703290535575,0.8357620273046527,1225,-0.239133244194085,-2.7510784293880937,0.36558948753985704,2.0639361721597256,1.031848392693,1225
GRDCCaravan__1160725,0.22396633088863194,0.635567800002864,0.9579010331780499,1.4479586292932807,1.632288699115097,666,0.36778193061873576,0.7596557220397226,0.9350672735425448,1.214557163501729,1.5911418204433405,666,-1.2131120184380828,-7.726400915966259,0.16822551127609353,2.9449893586578852,1.650409410118547,666
GRDCCaravan__1160750,-0.16088566579883534,0.294088882844622,0.7858770911041955,0.26217044007780416,0.12970438961912306,1534,0.25769192858004486,0.4104116965911834,0.7655081998711081,0.35246849291241955,0.7229840872866472,1534,-0.03348976266949899,-0.06824044727549095,0.491515544040846,0.9986579809746804,1.899745990030251,1534
GRDCCaravan__1160755,-0.16854382986443062,0.14898988798608714,0.6007833495638298,0.33542127135646665,0.1256683342327689,1640,0.4160662213280929,0.5393925322852127,0.7772496954621886,0.562122107438147,0.6843674432065756,1640,-0.6784154902503969,-1.845709624174047,0.5522041088264104,1.8998364395532636,2.344191868675241,1640
GRDCCaravan__1160756,0.05616969621983181,0.43729754678307975,0.7933072640930839,0.4986869133848691,0.2274853111781701,1618,0.6856293793578632,0.7006291974418526,0.8447099289707033,0.7343846836136937,0.9354834543420006,1618,-1.2859132324032938,-3.177341733983525,0.5654225450334571,2.265850075419659,2.8531501094815073,1618
GRDCCaravan__1160763,-0.10222329005739339,0.2571468782623052,0.8096755953123022,0.3215700771114026,0.15241186779510071,1315,0.26989780988219636,0.5794463645955685,0.8922985542598224,0.4958785908440603,0.48297851937185565,1315,0.17335846699349056,-1.1801838384014611,0.28316194769892117,1.4053042460836123,0.927834225763578,1315
GRDCCaravan__1160765,-0.26473980166354405,0.1379631273271369,0.8547453296924097,0.15384823864304856,0.07129388748738034,1617,0.49141371810009704,0.6340996901574707,0.8593720858965268,0.5414821682287715,0.8307510890449066,1617,0.18452084431810634,-0.22272685919402369,0.2519297622515081,0.7805759541717152,0.76072973260575,1617
GRDCCaravan__1160770,0.08242183104153722,0.5173909342020244,0.8461518740906915,0.5017601276279959,0.24499173522266132,1354,0.76966869529819,0.8089354693064488,0.9070973096449384,0.7892430654144544,1.0017648157222894,1354,-0.5695803143302451,-2.424269250090372,0.33153258450689166,1.8666593544568517,2.1250045514972054,1354
GRDCCaravan__1160773,0.015411701889472051,0.36813957431636857,0.8471484206150207,0.3792222827323916,0.2512106189323192,896,0.6376247160031105,0.70980903889528,0.8601906615115348,0.7034347514320427,0.8456683808642257,896,0.25663882320874243,-0.652165873413799,0.2918266932887421,1.1464792984964451,0.8278947358907484,896
GRDCCaravan__1160775,0.09380613020574191,0.38685087195616685,0.7336151098533906,0.5130866436162055,0.2836608321965498,1622,0.3966553206058242,0.6081265620139389,0.8159442539014266,0.7632512230053746,0.4764560180148114,1622,0.16967233208505927,-1.2211861168557303,0.33357173372374654,1.4872028895216176,1.0891669583134775,1622
GRDCCaravan__1160780,0.490883263912156,0.7860670547393132,0.9173112110489924,0.7080185680877027,0.5912100067699803,1076,0.6538422972289,0.7849751391098778,0.91598576534786,0.685571616632063,1.1179048569661403,1076,0.13928499890328216,-0.6090483248429064,0.4155663564024627,1.2872169443076862,0.43717315607126084,1076
GRDCCaravan__1160785,0.70789393792537,0.6653425574729959,0.8358123235107798,0.9931703998560756,0.7585011077630109,1629,0.80325607396532,0.7651849828173727,0.895550473771868,1.0791109530562895,1.1467648663978678,1629,-0.33612960300134076,-2.538314361853091,0.2680005263694995,1.8605332820046718,1.713373364503791,1629
GRDCCaravan__1160790,0.6496740351227914,0.5830088786526302,0.7937190935132441,0.9897427682369698,1.2829686528269677,1603,-0.20541561252859575,0.48264448794473336,0.8522480489664754,1.1578928797781294,2.1858608680654092,1603,-0.6289558355690366,-4.714700899743475,0.23357536983927177,2.4159407681562888,1.2473906659322216,1603
GRDCCaravan__1160793,-0.3516736475530984,-0.1046265327185365,0.40451537942588245,0.1495374495643146,0.13447520748644864,1273,0.3597583559558396,0.3996014740278728,0.6609510837246511,0.5281780243766331,0.7310404891814685,1273,-0.4900309724866465,-0.23281928232642413,0.12471130370866991,0.23576475250033233,0.06725861912679837,1273
GRDCCaravan__1160800,0.37559365638180575,0.30227288558900345,0.557968257453695,0.6262111762187544,0.765963388017275,1337,0.4234110250229587,0.26964775643375627,0.5848671174973881,0.8334450761673956,1.3638392409804956,1337,-1.7367610123766113,-5.371713772037599,0.01677714004932164,2.246796368114336,3.229042947767486,1337
GRDCCaravan__1160840,0.33296918413564003,0.2831516966063059,0.6257382226585476,0.8716273287965078,0.4629909790124836,1600,0.5278974754324841,0.5336632539990414,0.7413390625833532,0.7529885005654364,0.6918431693035962,1600,-1.0444788797907716,-3.845848940341507,0.48945386003593566,2.432387790025706,2.366565676381343,1600
GRDCCaravan__1160842,0.03841004802502623,0.27661141864467675,0.6142492190838991,0.49530698843706505,0.2781021299093715,1628,0.07329278200924794,0.32816490704155943,0.6864039030429558,0.4153643842383595,0.35297221649107313,1628,0.009678643290922828,-1.3015702820425643,0.37219188450249424,1.5526144148720755,1.5302930021650025,1628
GRDCCaravan__1160894,0.5160091383772174,0.5557558384126573,0.7867866127765973,0.8848637078309013,0.5810359921560817,1615,0.799520955878874,0.680583810165496,0.8278933646445946,0.897295224467543,1.0047835427446123,1615,0.019790724806481585,-0.8218641301481542,0.5920093975060796,1.6141749035319095,1.6458661465997582,1615
GRDCCaravan__1160913,0.4167604184815482,0.24162957175037703,0.5716412159999184,0.8382509412582045,0.6387322272663484,820,0.5305396094621374,0.2782774376628184,0.6155956568877151,0.92140674900184,1.2577779280270431,820,-0.12402010352930937,-0.40738324884333466,0.10533209312436648,0.7193953713596757,0.38011971161325214,820
GRDCCaravan__1160919,-1.3817451867335504,-1.3460358092609277,0.616008630305552,1.338495891988362,3.326087120818053,198,-3.014204986953027,-5.441751099198988,0.6413633757630909,2.2713963315797043,4.790616416505392,198,-3.8597041888620343,-31.245096271167263,0.0513573457932137,5.612583404943438,2.2003650487677113,198
GRDCCaravan__1160940,-0.3650688903963448,-0.04002504588818612,0.5593958578294512,0.03825851971719288,0.1372518382902818,1619,0.25049061148007756,0.43994773968825385,0.7738892681274379,0.39565315531107026,0.6186823480009129,1619,-0.36524329394498944,-0.16342435223877194,0.1457919871538204,0.4516714826318749,0.08700834642806313,1619
GRDCCaravan__1160950,-0.3661644545535194,-0.00905057772931861,0.7656383608276217,0.043468318151174606,0.05314886038543054,1215,0.4482247222074073,0.658524888116806,0.823539654044942,0.8049225037298846,1.4850386313867145,1215,-0.3405357112821972,-0.4174116280494844,0.028452116337932563,0.6279908920133711,0.15457707237760765,1215
GRDCCaravan__1160965,-0.3786191417896623,-0.10093329678754959,0.7575372435172237,0.022628072513085865,0.058433929462115224,1627,0.7103998824137301,0.7331927173766846,0.8646987660157168,0.7443728065192842,0.9852846290741849,1627,-0.44465064049204805,-0.07122243804019446,0.27122985364880603,0.20521926508684382,0.038629556168774296,1627
GRDCCaravan__1160971,0.2953897565499213,-0.2914268275807763,0.5378920997140282,1.2681142277661681,0.540601867072339,1165,0.6489465161424424,0.2904269142676007,0.7116214222443732,1.1739728523372077,1.0990443893909516,1165,-0.06919242804339243,-1.3244504521934224,0.15341916189529542,1.2801941410961066,0.41011477723655787,1165
GRDCCaravan__1160975,-1.395648391432604,-6.24416715665781,0.7153355997288151,3.280913711866547,1.6749296508607705,919,-1.858471187092276,-7.045409204851868,0.7056849251781155,3.2255061955274877,2.769564448625164,919,-5.890498262265592,-57.08124993315098,0.21318088300744156,7.732693936639747,2.2372204067806907,919
GRDCCaravan__1160979,-5.86937521797829,-8.141700598770512,0.8587482408321035,3.487759101148447,7.401516889031797,287,-9.535963891591926,-14.040906496213763,0.7928815702970338,3.9154122313571706,11.122450721157366,287,-8.131846309104802,-64.3818348745173,0.17483485654929232,8.103521439640234,6.678882166035539,287
GRDCCaravan__1196142,-27.663382753168797,-13.738007802912007,0.5466107499890565,3.592958769081366,29.54225838759913,1641,-32.220686795977656,-13.756859907039624,0.4130085070169235,3.153970075137343,34.14558620840824,1641,-17.25484292084263,-241.7497313831348,0.018575969438572947,15.544203144529673,11.988277928207314,1641
GRDCCaravan__1196160,0.21632777540154802,0.4287749415123956,0.7123240747671403,0.45434435903469317,0.5166319837522917,1622,0.6303636291147814,0.532565547147068,0.730030663350653,0.7486980306620928,1.0243910671598435,1622,-0.019476066611388454,-1.6332582574707875,0.12970384118674494,1.4119998897280899,0.6650789089765123,1622
GRDCCaravan__1196190,0.020824634668498376,0.40014027775218963,0.7299306857772248,0.4217485903500106,0.2573882112266734,1632,0.4139708817698379,0.5277182159284677,0.7826949091931854,0.49636476616364145,0.7936988217152897,1632,-0.26257560043613326,-0.11328352695888477,0.14355546093062457,0.45267650301932005,0.25097604312829414,1632
GRDCCaravan__1196215,-0.5029401542070904,0.19692321404776703,0.6182410585415437,0.8267672297098703,2.443287783168055,1639,0.43633144734845775,0.10180580319999633,0.5947281349583052,1.0866202774620306,1.3820652826236788,1639,-10.487342080275845,-144.0504415900333,0.17089008119189342,12.154788564493442,3.615778448809558,1639
GRDCCaravan__1196310,0.15971078124290705,0.3422917761650265,0.7002093599895279,0.36019117444055276,0.545185521275149,1587,0.6373135995057619,0.5544416484864274,0.761275440897892,0.8856635370933974,1.2479499611513947,1587,-0.07577681688473303,-1.128676580412694,0.17136841673249403,1.2161969920600588,0.34890529138809806,1587
GRDCCaravan__1196340,0.4571020775226353,0.29641392637578023,0.5788726471574434,0.7302939512637571,1.2113020449336513,874,0.6317914884120438,0.4048143923651878,0.6808158349610369,0.9044811009803284,1.156764526358063,874,-1.355251017101902,-9.384939343797445,0.057574504645949355,3.109555339007501,0.5430341249817849,874
GRDCCaravan__1196445,0.3486286257911978,0.4757589147654915,0.7786453435479234,0.5723883306663065,0.5613258117289115,1267,0.4800611934760328,0.5269255033752536,0.7968360499480891,0.8904909228922507,0.5340938571344213,1267,-0.23882024431834648,-1.8770008710565467,0.14887604823944917,1.4170255023611436,0.2022824141007629,1267
GRDCCaravan__1196700,0.27645925222074763,0.7114557275332984,0.9312429182560952,0.9677156972039122,0.2804575056329251,1630,0.7842283606119406,0.8353318627782998,0.9220927836811199,0.8010384778993914,0.9699637097320088,1630,-0.050765304358423524,-1.754129144262368,0.16298735123075536,1.4776708571805233,0.581254130952713,1630
GRDCCaravan__1196720,-1.0553296128209766,-7.615412525842867,0.279009455794567,2.72206288425342,0.14031873628537744,715,-3.542398426338676,-35.07196811533067,0.3061217621919508,4.606774524858163,-1.6726567272163197,715,-2.425160873374289,-16.810076836341082,0.27540047268293494,4.306863236004531,0.47909878876350437,715
GRDCCaravan__1197501,0.561321603106554,0.2101532896057704,0.6811169220109504,1.1113965649177941,0.7201015830738783,1640,0.3207853094592992,-0.20727321384559816,0.7148739101815064,1.4826437632667546,1.3835240625186656,1640,-5.803717722183974,-57.21718825108583,0.1764228875630491,7.70344150624593,1.8222940808309318,1640
GRDCCaravan__1197502,-0.23159079795816218,-2.7492892723347455,0.08239178099713626,1.3553670314308224,0.25937504565018893,1644,-0.3784399548858892,-3.800852401947652,0.013769931061263908,1.9422916204844616,0.8011697650967642,1644,-2.8552555611537107,-22.27443624266861,0.013378212435023035,4.717263444874166,0.7325577230299002,1644
GRDCCaravan__1197505,0.43372521973884326,0.05179543780800122,0.6657861903213634,1.2537571558530136,1.3802309325045805,1642,-0.7973054957471988,-1.342948909640552,0.6990015951261287,1.694069381264391,2.630329629031422,1642,-7.48919667552072,-81.65334368271981,0.1510076886071617,9.082444815587731,3.4535195238364986,1642
GRDCCaravan__1197540,0.21411529099968452,0.02700041479376758,0.760766168454032,0.98093060149764,0.2516562903818164,1630,0.7823225212104542,0.619888338806554,0.8451927962457609,1.1521453401975992,1.0164319777909874,1630,-2.036202999364879,-13.889186191185464,0.19184343095063888,3.916275710913306,1.2464702643154804,1630
GRDCCaravan__1197550,0.1108751303526615,-0.40908935382426037,0.764639942397627,1.6284247758976595,0.4167067820137279,1617,-0.07592864299367008,-0.8620463859894132,0.7788633697257106,1.8938752308262305,1.5565142471495994,1617,-2.6750807941356496,-19.224522818774602,0.18727419905882595,4.563816501049795,1.380667259892998,1617
GRDCCaravan__1197560,0.03940043308039265,-0.5464284047893431,0.5795508519958777,0.5586364308709499,0.25759024672731357,1635,0.4961249057747956,0.31646304686393134,0.61109286016486,0.725695968835205,0.8344746374344625,1635,-1.6306062597484838,-10.945717663246366,0.2062090366145171,3.4454903491701137,0.4436169014147795,1635
GRDCCaravan__1197700,0.3131899719244827,0.7265763605003772,0.917794567153129,0.9574607085919802,0.3194555928067185,1644,0.7421797766931941,0.8066923919847243,0.9066576011089547,0.8037451738739954,0.8612826350542662,1644,-0.5640850013070722,-4.345598721350888,0.2696518679631649,2.36942088672384,1.1940101346542034,1644
GRDCCaravan__1197701,0.21138258162305024,0.3007080092960823,0.8779302524868414,0.9607339283476308,0.22187752575408173,1640,0.7008059103900626,0.8087580197134155,0.9282171535199745,0.841328051280624,0.7567151075419188,1640,-0.4413265009634828,-3.8307965766773417,0.2533619614579858,2.221540694692472,0.8332905131913507,1640
GRDCCaravan__1197710,0.44894034651434034,0.34631044206079487,0.5922897511467435,0.6542613479929315,0.8661946219762218,1635,-0.3253685738142271,0.1669697165477897,0.6460365413069785,1.0829039904853965,2.2745346816489653,1635,-2.7176224978539185,-13.670403274495431,0.2821310617413187,3.967939477242522,3.120546270058343,1635
GRDCCaravan__1197730,0.20707429612918615,0.5304804768389271,0.9269965058510714,0.7407217037509874,0.25422763071076293,1639,0.6918439875912672,0.8073010605549589,0.9214752296475568,0.7719121465709641,0.8082451577068214,1639,0.02758358656624693,-0.827757838131618,0.26587749616682516,1.0954553331158219,0.36948742291622655,1639
GRDCCaravan__1197745,-0.2558180129945702,-1.4813976777044333,0.776401148036295,2.2133544739473954,0.7657920673547053,531,0.214774094101157,-0.12157068385341674,0.8501290582495387,1.7682220204239445,1.0628756824952308,531,-1.2721345080444717,-8.1990167190067,0.22999457692468103,3.0902660201927468,1.447744163455725,531
GRDCCaravan__1197750,-0.17751811799047434,-1.4574473795952985,0.7304580164160809,2.140256614785809,0.8829064915604526,965,0.20585838850510052,-0.16268041274914036,0.8222217032405366,1.7285146732467749,1.2613850553745656,965,-1.3418846406404787,-8.633632857870698,0.2249617427890838,3.1630071255229164,1.4529233322145605,965
GRDCCaravan__1199200,0.15432994285392843,0.040091121193869816,0.5694449580206913,0.8664292490977378,0.28450083446376995,1467,0.5769328260516153,0.5460453141984326,0.7775285642691053,0.8929463930613881,0.656442407742253,1467,-0.8519396483692281,-6.113896310839727,0.17814309737437997,2.6563532001173433,0.8964347101119374,1467
GRDCCaravan__1199310,0.5530998912676771,0.384707568838483,0.7821539677030286,1.2325384468225293,0.6866492633696314,1524,0.8008849258491365,0.7357843831031465,0.8822329722086402,1.0762084512387984,1.1413152924459227,1524,-0.6259902930999959,-5.010127216058678,0.13202969009069318,2.3741282238362382,1.0473666425664443,1524
GRDCCaravan__1199450,-0.1788225560734511,0.08102460500958597,0.6818922996837955,0.24349443248597769,0.15375568774297368,1126,0.6592547432090019,0.4785824146652773,0.7193897173482228,0.8975578571324092,0.8360768269574157,1126,-1.3711058678796815,-9.554085779501726,0.09516351564113684,3.1866437525253835,1.1483343278147717,1126
GRDCCaravan__1199460,-0.019851753487302837,0.30868394570466495,0.7702355932542787,0.4158069163610592,0.19624359566325159,1620,0.863949059119631,0.7458535254337855,0.869189240976758,0.9669685392654218,1.0175307284485549,1620,-0.11536949801028817,-1.6898285814567107,0.12762340279992834,1.4032741459070444,0.4339804305571318,1620
GRDC__1104800,0.019323292896773037,0.2844028194092286,0.7412412275253257,0.26377339491870705,0.40607989805639483,1607,0.4765792914684718,0.5539511163521246,0.7677284567467094,0.5960105762179491,0.7616479205321919,1607,-0.5221001077042271,-0.061587439448677284,0.19524705305848902,0.12112852184469142,0.05303307494544666,1607
GRDC__1234050,-0.4328884052368842,0.061436744370666485,0.6320642282178932,0.25497166591356746,2.167358227415133,548,-0.9821569117476938,-0.17280250605247804,0.6063674852745463,0.3727266722135408,2.8386211242090558,548,-0.22391364076015385,-0.11950805710228418,0.27527991986887695,0.5631947602881349,0.1157225616053673,548
GRDC__1259152,-0.258227307963675,-0.058635596407,0.5158075813861541,0.15536187360275114,0.2029553991786057,804,0.24306338634296243,0.37074429234755446,0.7599047169970157,0.32660368836530174,0.7513140541745784,804,-0.025682252798541638,-0.5471185369179019,0.450353658830179,1.178196335154694,1.8474426526213772,804
GRDC__1259170,0.07263546668392529,0.3468447715425891,0.8000565606059429,0.36512606875688036,0.35427351756047454,1036,0.35613531800327425,0.5383349983804733,0.8205963637354822,0.5020048166684314,0.6334255036198362,1036,0.4193598733272217,0.5065544046352904,0.7484034840839613,0.7560079699214636,0.5370636770141654,1036
GRDC__1259200,-0.2569854518268766,-0.031071548899052726,0.6575069494283994,0.19740305784788645,0.09526297474754956,709,0.3096771660973905,0.4172083804851424,0.7132564083999222,0.48695414637212836,0.6379120552146674,709,0.11417031655304333,0.0802705931323201,0.5196821117289482,0.7259542449165964,0.30798274703347167,709
GRDC__1259250,0.11525300334184818,0.37751016799224,0.7359093161349423,0.5096267294935778,0.3125646107712076,1139,0.5829528796160821,0.5828619266990114,0.7726929030920077,0.7411873583390626,0.7648919379683762,1139,-0.27528078165516723,-1.8355052868548571,0.41005933351939977,1.76597285187995,1.8316229147121523,1139
GRDC__1259260,0.14695951493868709,0.3468014410571436,0.6756452045222022,0.41184350916291496,0.47412551108615103,1212,0.44086983335377505,0.4713766864750736,0.7131030500794918,0.5205575046446467,1.0212503418225847,1212,0.3463059976692271,0.0383366930662159,0.4911959695920664,0.9149412864494114,1.401496354370729,1212
GRDC__1259320,-0.2655806079823151,0.0067075582714529736,0.6860921377556842,0.13863190962236246,0.1275315809719689,939,0.24645504504651372,0.3972218740109934,0.7653684565285666,0.3563284308577422,0.68620874929022,939,0.2083768836368366,-0.11004969498034733,0.3604184325763991,0.8086235813187217,1.4254146722260816,939
GRDC__1259500,-0.3271318525079143,-0.2862673058982934,0.5948830808241762,1.0927966148079076,2.2603761438629224,1276,0.3791456677523023,0.3592200910619987,0.6652978280224509,0.8198831165159343,1.4909098351308856,1276,-1.7835188668665132,-11.010187210705235,0.27076863377463956,3.5789273569483955,1.75188601815574,1276
GRDC__1259510,0.2753886966486794,0.34811539619738463,0.6301671184675468,0.4332190161840379,1.258929521427187,593,0.14724965880161023,0.27239758428665994,0.6781350638961269,0.25826142741496194,0.7290572066647092,593,0.1874259615936359,0.026789420480837767,0.3121050654425243,0.5757991736549657,1.0844439804271662,593
GRDC__1259520,0.209457122011802,0.16553656410699913,0.5280759517148215,0.7386511744078875,1.5778776046444567,726,0.19671467029750533,0.28033361530265255,0.5805142558365574,0.3877960640238327,0.6925827393684973,726,-0.04632895227775058,-0.22196226735372115,0.49163262549752834,1.031159377288297,1.9139999902205276,726
GRDC__1286150,0.27381199778244014,0.11443944874421197,0.6609284947008202,0.6737394202198248,0.44688738674625855,621,0.7904215349734094,0.6221854400935254,0.802383995779389,0.943382182030486,1.0408101772497047,621,-6.193838805390359,-59.1584381352621,0.45232608480538466,7.505051144276025,4.022528684877742,621
GRDC__1286210,0.018842626037432253,0.13495609788561602,0.40850223627233284,0.2699090355304647,0.7175688197343736,850,0.06604290756080433,0.21338862522645796,0.5784100827292712,0.26922586294031053,0.599366810189417,850,0.07583187766915955,-0.015880320165527095,0.26567907629011583,0.532393929346829,0.6898322034403387,850
GRDC__1286400,-0.03000543112265297,-1.0117875311917879,0.6491171669960485,0.4985784946993991,0.1715261623519047,596,0.7799410810273805,0.7374504880556868,0.9144062352921206,1.087415878385525,0.817084447165865,596,-11.105217936814826,-170.46583092159125,0.5361263777187268,12.555437110784624,4.5767297548230506,596
GRDC__1286402,-0.20077807541093073,-1.1805707235481497,0.5557623324324521,0.2781874948794532,0.1494075073495391,502,0.6192412106588763,0.6418541309394636,0.8754455537837598,0.720900891820889,0.7729160212566529,502,-4.28528490343595,-35.07526392445937,0.4907652376190647,6.030168389959316,2.540234539258515,502
GRDC__1286403,0.19899073952049018,-0.5185747929467033,0.6335632389850504,0.7009315869008852,0.35354967720854136,561,0.7195887288650873,0.7300074618150669,0.9389322330453553,1.178785854799734,1.207212033777479,561,-6.260170756496293,-63.7716651481404,0.6483411670634945,7.855068226237768,3.365260047505785,561
GRDC__1286661,0.16854927395225605,0.016038269236098635,0.6087695773539038,0.562985789665252,0.4107058067425284,593,0.695203108696505,0.5991019401959936,0.7752011398835799,0.7974054053266549,0.9636400268457782,593,-11.304010434653053,-167.4868526629845,0.2859395793416247,12.021256403327845,6.423163079219117,593
GRDC__1286930,0.46227986280931144,0.4179523098206367,0.6490408927677475,0.5934476803151547,0.9738110261754187,1068,0.4151745541123163,0.5038844540113572,0.7726253507089921,0.4751478493349067,0.8781320757551627,1068,-1.872542298764376,-5.631756844115902,0.5270681083867457,2.5774429135115313,3.3536160559228616,1068
GRDC__1289320,0.11345421314830562,-0.2241716718459248,0.3480876479305662,0.6801762816889444,0.4913876656927409,919,0.232231621319141,0.15460899074133028,0.5040844264408212,0.5160592726558035,0.6693379374326779,919,-0.09071725820688403,-0.6949465097832821,0.2078021894927316,0.7436309309569274,0.29547060613781273,919
GRDC__1289460,0.5723073861039337,0.34870449075395693,0.6310317322723664,0.8081598314168338,0.9000963508709451,795,0.5334629995169338,0.40942906848989524,0.6745297639202135,0.7048084279486088,1.1568050829397212,795,0.2802489735987921,-0.450910309810719,0.49354682372940584,0.9645891329248837,0.48981102447817715,795
GRDC__1290100,-0.3092163842050155,-0.2880691135482669,0.3870673834879598,0.19709006365448892,0.16711538469953316,829,0.5784160675454002,0.537280897658251,0.7453111880488698,0.7111247747431225,0.8284840374670779,829,-1.064858823306401,-5.196390785230815,0.5578732870183593,2.80033172760866,1.909379788878091,829
GRDC__1290231,-0.09911141373138,0.09988607051291898,0.49931206197595734,0.23902287182515555,0.38496235976438686,846,0.28287134650069046,0.3569655493480688,0.6523201814983811,0.40974989435846765,0.7878748900611386,846,0.33343048543142817,0.041857658450273894,0.3943827003899828,0.7300490654415327,0.931669208285999,846
GRDC__1290920,-0.048344960562817896,-0.10668980429509989,0.6393454106664612,0.34460474344889597,0.26555294185324346,894,0.3846674677681726,0.48202634150993107,0.8073716097553996,0.5143540857965939,0.674920818088662,894,-0.886496772718766,-4.181919982062728,0.5985297638783934,2.5089301716566585,2.058688556682742,894
GRDC__1292180,0.2392806143940983,0.33003254976911667,0.7668260923202987,0.4554611923159982,0.5227145515102263,559,0.4500332190491251,0.5721826598104817,0.8421144653141756,0.5168484350319689,0.7899995634400219,559,-5.638537662978842,-48.0991509653431,0.44963865053687574,6.978986106909258,3.8317856241586856,559
GRDC__1293100,0.0388802219630644,-0.6696590787250463,0.6400232430281341,0.44310625637033774,0.3042720930709144,995,0.4128233064723408,0.38640247671904027,0.8023743575756113,0.5305961705690704,0.7078003768072227,995,-3.005631388877868,-22.153194529928033,0.3247714613014785,4.832229709575323,1.9503497762081772,995
GRDC__1293340,0.27771994059141214,-1.1245272304111196,0.6236153319566473,1.0383002775062182,0.38473082750383547,1051,0.6427691794553325,0.2566093348504136,0.7117671492404666,1.2095449928364403,0.9749684425729214,1051,-2.1110933439356128,-12.119190056096802,0.5556144437302839,4.078359505710537,1.0715962684845004,1051
GRDC__1304100,0.6293830464119496,0.5388928261484582,0.7352835391078048,0.7607574273597406,1.1002253114540839,779,0.5020280554104253,0.5188241279630788,0.7358557398920693,0.5886261293923775,0.9052613804636177,779,0.030568770905682552,0.1733943507254626,0.45661137795257506,0.35931316462718693,0.5162168953418383,779
GRDC__1309520,-0.19137980112726427,0.10052539595353416,0.7453948013747774,0.10067238601416666,0.26123625827359476,821,-0.01957407316615578,0.3076963692527913,0.7445749802533145,0.28250749756449106,0.3221402365467749,821,-0.34310869179388104,0.05259211311950218,0.36710439033220155,0.20414097506199538,0.12250782472991524,821
GRDC__1309570,-0.04912637076884829,0.22772693137639244,0.8763600955321843,0.1559775247798569,0.38925833842035357,796,0.2777452581707951,0.5717181092930306,0.8758855861471465,0.4469330311457203,0.5523791198669646,796,-0.005145154498859439,0.10090390668279892,0.33305350564153985,0.362927005029865,0.6004538144903915,796
GRDC__1309675,0.10097936386203232,0.36976880328834716,0.7839955105719563,0.313248173867989,0.4615280006785922,850,0.5189512842943886,0.6049906702119185,0.8153853338133257,0.573221069639994,0.8767724198421066,850,0.09954575127837306,0.39133169338849205,0.8280988726122172,0.3083914014389447,0.44959523726619893,850
GRDC__1309850,-0.1152034791514065,0.031132315689262224,0.2756584861400168,0.36067015204405484,0.4429851736954773,995,0.3553425889868197,-0.05649725517918158,0.38341849511780407,0.8335013098406102,1.0876847283546605,995,-0.1633045057698117,0.1659944144050085,0.5972160347505492,0.2621851513471084,0.19584099856459608,995
GRDC__1434820,0.23624471619348708,0.392868853510689,0.7922712669632012,0.36622982090711786,0.6278356987755682,1234,0.5658573505469573,0.7601333165766173,0.9217566910269784,0.6788290378960798,0.7185625508637807,1234,-0.346986347024941,-2.3051269593611816,0.5145475379734815,2.0627600142399576,1.6702606047774788,1234
GRDC__1491260,0.08547039992521488,0.3983504007137545,0.7874810763482647,0.3519518063221737,0.3907105489393724,764,0.5823446939458661,0.5467016196352842,0.7428901271141223,0.6709057662926625,1.0052395878044345,764,0.37909270496029435,0.04402788512146816,0.4673909466954215,0.875987765996961,0.7059346480982496,764
GRDC__1491510,0.48076614858543665,0.3492279735613665,0.5998212831188822,0.6979280276513535,1.134956698728079,1058,0.30177061238723535,0.32431926800315447,0.721927410926577,1.1425157190247117,1.6244110687383504,1058,0.09304795036723434,-1.2178123585432417,0.2308160997418725,1.3558711146067377,0.6770853089354285,1058
GRDC__1491555,0.317636206993275,0.1944350918123956,0.4586637979809092,0.5848646053199449,1.0154294029017843,932,0.5001470224189024,0.15553956267679425,0.5637229490584099,0.963246444429548,1.241173195383169,932,0.16771893096949608,-1.1502664964893325,0.24449191511193472,1.3444445467823132,1.0570724603224104,932
GRDC__1491585,0.4869077991273706,0.5847457278719583,0.7743030162097266,0.8605085611590364,1.4391658190187044,863,0.5569273794232777,0.2659793389697702,0.7586612400079358,1.313703999059318,1.199145050162961,863,-1.356182328353018,-5.457221055523152,0.3301204152031079,2.670607226437345,2.520502548926083,863
GRDC__1491610,0.16270998159256833,0.28242446456418024,0.5744377615918452,0.36457165705961075,0.6591449323337129,1051,0.31264581624978827,0.38101946110403084,0.6482899391098148,0.45405147294358583,0.7748422490952755,1051,-0.18234422251514548,0.10661130758383186,0.35181692477633725,0.3045720158186253,0.2970231295938898,1051
GRDC__1491620,0.0998854490183273,0.2456115718403029,0.6104983486103096,0.9248076379289659,1.8079856292904106,1066,0.6281228407020243,0.3700212991932027,0.6869850433111011,1.0034968228200503,0.7992463431796475,1066,0.3442100920805109,-0.3616549613726996,0.36047482156169686,1.0610783698429218,0.868328506464612,1066
GRDC__1491690,-0.22150728790814345,0.05712770146382462,0.7078601895845984,0.12875833505117507,0.1952190690378152,1068,0.26747464442584445,0.5255211289649673,0.8223898871727909,0.49150954792983526,0.5035269347345934,1068,-0.11310314593926951,-0.2650078305012993,0.2130520994715432,0.6853876231733345,0.278383295854905,1068
GRDC__1491720,-0.2276149776819234,0.07893171744961192,0.6711454097830072,0.16376658083126708,0.16357495219979634,907,0.5349458659917418,0.6217838097787821,0.8083930408481794,0.664021139402661,0.7417746604330291,907,0.2785477997321494,-0.06978324318131301,0.4709263460829883,0.9733651951542142,0.5102399228468578,907
GRDC__1491780,-0.13204652038534026,0.13979326050893925,0.7109281284004206,0.16457910289501915,0.2928658528632759,1066,0.6113688093722441,0.5796580645031779,0.764544346757562,0.7009869587240074,0.9213486247303617,1066,0.0581427014437359,-0.141369692941945,0.2996598435989297,0.732688450402975,0.42976901905643067,1066
GRDC__1491790,-0.03790433950995564,0.2502233670274534,0.8063936911488242,0.258619885929771,0.299916046743082,1059,0.7699863281436826,0.7015802291383472,0.8426406753653228,0.9090418120455526,0.8590356774379158,1059,0.28278196787232246,-0.6358614847620978,0.38071335551019947,1.2568168183513204,0.7451846170703843,1059
GRDC__1491830,-0.3066889597808491,-0.016344865781976026,0.6551689721109407,0.1052902243688482,0.11229395788460131,1068,0.19136941101164107,0.3913740297147347,0.7172965218528877,0.4430829899908382,0.4863798905283782,1068,0.07165253219873202,-0.059178763174807525,0.33501328876906994,0.6734339997029217,0.44055711434564954,1068
GRDC__1491870,-0.24417059853890377,0.0526305784492902,0.6369219205763341,0.17194089151235065,0.14533462725970037,940,0.3481146271671789,0.4622767759329054,0.7306797047481077,0.502882070446704,0.6755082712988449,940,-0.0638566851672564,-0.47205686787424384,0.18479876799903547,0.835748936807081,0.3364794003505479,940
GRDC__1491890,-0.22559337892611553,-0.13547795336746327,0.7027142293436952,0.20604909322680676,0.11493375464497335,1068,0.3180688858663746,0.5173413038614478,0.8442466740109431,0.615383568032241,0.4588520108812521,1068,-0.003527190488092913,-0.6350357567816178,0.32800312800709497,1.0145950935699535,0.2548328983883141,1068
GRDC__1494400,0.20809534898324533,0.017592702533325677,0.6933534150608427,0.6073064477610088,0.3844737030174561,1031,0.7794678099862147,0.6166627572612438,0.7950353909118303,0.9189448119466643,0.9926506909679567,1031,-0.08276542611328686,-0.9066266555332385,0.2808430160858051,0.7842148540924486,0.2198519555370385,1031
GRDC__1495165,0.11504889696859133,0.1502190745050216,0.4261419188733766,0.530324002652825,0.5170612720042914,1068,0.26184877775286985,0.22777208151957862,0.5121889697786515,0.6480501048833739,0.5721695464010135,1068,0.30456987447885175,0.02284164173219938,0.4617505129738456,0.8795830103020049,0.5764314721435094,1068
GRDC__1495190,0.5332738956401121,0.10809375746205785,0.5403250905126208,0.968406739664889,1.0743915316425505,959,0.6175853163215816,0.18418723223222522,0.6672603526219605,1.1777712101629008,1.062631575046621,959,0.20670636681826993,-1.080119695511141,0.4113994528448429,1.5290040166356433,0.9450551665879764,959
GRDC__1495295,0.5277593616215337,0.4884037338622914,0.7023966069074077,0.7386299279623385,0.7428441593140359,1068,0.6742357212887312,0.5256903328435241,0.7367000732359781,0.8633415539190642,0.8653895139111448,1068,-0.043826158609299615,-0.24917328724854992,0.1998752487385447,0.7182693697483896,0.3917226916990317,1068
GRDC__1495310,-0.10548107052369438,0.2819436163516287,0.6790619014996003,0.3132658530542593,0.19533650161333455,849,0.799030392177464,0.6042268819113911,0.807799143082373,1.0271679987415268,1.0520529894708672,849,0.045284675982310674,-0.18001449237725153,0.26658800110547565,0.7455859879839264,0.4442467271516749,849
GRDC__1495720,0.5039928507132847,0.21999156736965952,0.6521583786712416,1.0414085701953735,0.6488381727332976,1068,0.5752534393564632,0.2001789680236754,0.7404458755615222,1.3285400508876366,0.9285665888520093,1068,-0.7951319401691737,-4.792815865320793,0.47659088365581986,2.71710871829713,1.0089010724822318,1068
GRDC__1495800,0.3039156903593405,0.1898595810409952,0.6235578134969038,0.7941602264439396,0.4518625774761666,1055,0.5966077923735145,0.40423526716734515,0.6962700550510207,0.9092700803089118,0.7505175850126741,1055,0.06642654831194472,-1.2914162354063103,0.3489052894594322,1.4863660633606957,0.5405621695878061,1055
GRDC__1495802,0.6147776469227085,0.313936865970585,0.7492961550081108,1.2327667133533926,0.8229025675755074,1068,0.43403168642014733,0.20922251038203332,0.7922202336793664,1.3971990984948057,1.3455149444511467,1068,-0.283472043088727,-2.833704435454662,0.40204962835875746,2.1315797271850045,0.9036508460423152,1068
GRDC__1496181,0.4088305362162825,0.15535785552897374,0.48988509891138926,0.7763951788853379,0.8018460028867322,1060,0.4706110556878299,0.10404404145753554,0.6300713840478938,1.16431021078686,1.3411856211666762,1060,0.21907133452065342,0.015105325668270386,0.36474404242302466,0.697182098288989,0.6614726490611819,1060
GRDC__1496365,0.09328880772774728,0.42178663991559384,0.797152264368678,0.37241582129700135,0.3778134676942147,1057,0.4278499110117897,0.6749467951335926,0.8440751865763988,0.7067166179331732,0.5341373220663885,1057,0.030744376662721784,-0.29554778693182215,0.2559708675427006,0.830751431483224,0.40231108803927423,1057
GRDC__1531680,0.2927923822150208,0.297637246325392,0.5677369014707525,0.5392184097310873,1.3177602152130614,704,0.4758048433437808,0.4443063005666589,0.7316945762076064,0.9413017275034462,1.4464832299553283,704,0.1777020835120946,-0.8671568153999081,0.3533171414319739,1.331574479795887,1.3847512290334152,704
GRDC__1537170,0.49083265677765153,0.6557122479619112,0.8809782036452122,0.5667132875130577,0.7605259509282017,890,0.9067910565560484,0.8365788887822037,0.9167464670658667,0.975180831573771,1.0337752168098657,890,-1.2642463657722973,-2.7298358000756675,0.8571451119024939,2.3481148843502884,2.813557372804322,890
GRDC__1547200,0.5656873299006766,0.4425420872666226,0.6673796224441366,0.7207506507839424,1.003313729893481,1294,0.6147445588944634,0.5843273205981488,0.7918482235080928,0.8564575534264314,1.2906719093348356,1294,-2.355591440999823,-11.313109953475461,0.41500478923676337,3.458619214383408,3.2074795765669175,1294
GRDC__1547201,-2.323168612683146,-9.037496628886657,0.7462305547283259,3.5090617262654065,3.164176506378116,571,-1.6958204099106586,-4.187100402594173,0.8576395821305146,2.5643289481105125,3.1909030412180166,571,-11.057184206688818,-133.0561319948095,0.46377894599225045,11.263026625943072,7.305429600784445,571
GRDC__1547202,-0.03800670406778761,-1.8616627003771073,0.8559876828896605,0.35306015901290305,0.20113379571183984,1396,0.40265103651000766,0.11432586863960215,0.9285251046978402,0.5729866880895718,0.588445927033396,1396,0.11434350837420726,-1.6624866757486672,0.6926505378508,0.6742385916470731,0.2359298238359103,1396
GRDC__1547300,0.4999367128610299,0.18728854215765922,0.8181701693938294,0.9446704153321723,0.5374636869320971,1627,0.6978258231575414,0.6756634532537569,0.9222369471164605,1.2028423664641883,0.7899592536581121,1627,0.24260443286279754,-0.8869024326223098,0.5379153778643123,1.3413733728486088,0.5064515551490736,1627
GRDC__1547340,0.47185761044301444,-0.16129315372011743,0.6506437872116825,1.1563472697382449,0.6360767230877324,1361,0.5223820312199313,0.16544636412484293,0.8429406074182433,1.1369790475167967,1.4297534314520821,1361,-0.7632663462879292,-4.482263041381558,0.5185987661726991,2.694085355242164,1.0862314859849138,1361
GRDC__1547600,0.3455115379845972,0.20180084067713477,0.5921877649228321,0.753354546778056,0.551435235180477,1226,0.646726036670202,0.5219423554802671,0.811709797509312,1.1116531013441726,1.2772776185936887,1226,-7.071022581376038,-76.50482723813123,0.25693564396977475,8.970095827894614,2.032876258830738,1226
GRDC__1547800,-0.3101024969935551,-0.9042509107425372,0.5764475609755646,0.1498637824899395,0.09764735513055266,1171,0.3163798414147341,0.30231387566644197,0.83835778906188,0.5640479584950285,0.49884719458549565,1171,0.08897412562957963,-0.7301876930872799,0.3696655329772202,0.9291296559637432,0.346070341862613,1171
GRDC__1553200,0.09551732418190084,-1.7834061729013317,0.4476721860150633,1.5847252198201598,0.5863342967323062,1173,0.46551816768966114,-0.19210878585742064,0.64705774773778,1.3761356633574073,1.1400876810735756,1173,-3.0324984404158313,-22.23823500505766,0.4386676684190242,4.9196350137751494,1.7631585970595245,1173
GRDC__1577100,0.14429729825020632,0.32715095894678525,0.8635143732790318,0.2643052543487132,0.5848469815820083,654,0.8026317773857278,0.836831275418126,0.9191224172365126,0.894785385851746,1.146092151992796,654,-2.8180448870078387,-9.235889254726787,0.8303772769949975,3.482183983390249,3.896110765086167,654
GRDC__1577101,0.2044675447138805,0.38546709594438233,0.8557509238227446,0.3096911595646548,0.6318454179935021,658,0.7565901373020563,0.7612517319095826,0.8786620793682357,0.87974932445487,1.1733933254376632,658,-2.868792198986362,-9.50921906631815,0.8326737204075075,3.490995119820978,3.9554184658223166,658
GRDC__1591235,0.26370195744473757,-0.1113289288430952,0.5084724002942955,0.8805276900051111,1.5350343851966386,1167,-0.1286741925368644,-0.5467692843165961,0.7551719744434524,1.1460529113602456,2.092077477967576,1167,-12.405115397804499,-181.01519134459815,0.44918074770651917,12.109298617809225,8.481791309579556,1167
GRDC__1591245,0.004638888159855359,0.1349874847609308,0.48217804919631974,0.27684649145912626,0.5531743367771451,1076,0.4613469055537823,0.46651663344753713,0.6978812821441684,0.5585079655159915,1.06289848936823,1076,-3.448958899015209,-21.331394192621293,0.2211711606084229,4.670462701552672,3.3904736937622326,1076
GRDC__1591441,0.14029287689570424,0.3509152227785437,0.8347290408641509,0.3939818769286682,0.4130384321851374,1546,0.5856852857449084,0.7541165595418923,0.9121035954735797,0.6981578831377325,0.7301440365533655,1546,-0.1694130206931317,-0.6964692194765649,0.851337021174232,1.9640850962928964,1.644954307528216,1546
GRDC__1591460,-0.1665530613611763,-0.5861566782468157,0.4350074618684502,0.19566014764615283,0.3717748184431053,1297,0.6873218978261271,0.6522491151099798,0.819664111619704,0.7628299475600184,0.9051478562880064,1297,-2.750363868145018,-18.65006879939721,0.42315843346415044,4.604718375569708,1.859353468273805,1297
GRDC__1591475,0.17565376388489506,0.21446672031553282,0.7348666769750003,0.5501754352910607,0.36210588731100923,1216,0.6930947700166353,0.7643787292020653,0.9017746012872292,0.8647150457996183,0.7426275609047079,1216,0.37971693163513387,-0.043145191556771545,0.5788124544702071,1.0607855449437626,0.5487159941715066,1216
GRDC__1591481,-0.07500387814977061,-0.05402309664867544,0.41479811729906346,0.3118924861239052,0.41717914942275247,1266,0.7441250403223245,0.7044129144377529,0.841299529370087,0.8085199284811408,0.9398207857892051,1266,-1.1713209643836393,-5.696839562133203,0.5169103106582899,2.7842264976900037,2.139208008822134,1266
GRDC__1591490,-0.4708613671863229,-0.05922583482345778,0.24222158377731928,0.05618639433615721,0.16428419235239952,1286,-0.12178067442169827,0.07879592446648043,0.35348946406851234,0.21234678072971855,0.5309387943895353,1286,-0.00537918595374598,0.11907651657585216,0.3764583416365537,0.32761493614059334,0.5878332452354244,1286
GRDC__1591500,0.36767332020646026,0.09844867812264757,0.45417851196320147,0.7477754013276438,0.8042995017875898,439,0.1883908742254503,-0.15298934051303092,0.7287509910771066,1.3925465144162898,1.6565368094924293,439,-1.1232638598402125,-4.8789978757342976,0.5707252752852905,2.6398982082123292,2.2785564109286147,439
GRDC__1591520,0.38599840496018956,-0.2526844796214096,0.4967590543545347,1.1528284233070103,0.6831562177242821,954,0.8783899220350209,0.779126303395741,0.8939873863488613,1.0289818729222076,0.947938614584092,954,-0.873627740025732,-3.9257772847618053,0.6842840932011323,2.683899187851558,1.7584773559843192,954
GRDC__1591720,0.16627976879397488,-0.09006826652906064,0.38024166097931317,0.7653105204090875,0.49412464647317117,1130,0.1931376882078294,-0.7381726804850521,0.5660531628114049,1.5725627662836688,1.3672721216621455,1130,-1.118791078194553,-7.360271211291028,0.23477800753144054,2.952138486055425,1.3047396701128973,1130
GRDC__1591800,-0.42275127141074287,-0.06675320062469425,0.526131950522163,0.024876148795144336,0.07869455293243502,1434,0.29239292772993264,0.35423036348777626,0.6230432914822597,0.4596089704592933,0.7419516637875324,1434,-0.3335628934656243,0.004681532986212766,0.2897033867865222,0.25352379282109005,0.15345290491216024,1434
GRDC__1597001,0.32498504547613916,-0.012019022306197558,0.5433686733187842,0.7508990997402236,1.4302112990310363,811,0.4531006590489218,-0.2614272834842024,0.5593252537946026,1.3070707903047454,0.8969845306220889,811,-6.899189842511558,-76.13389980285422,0.13351744487045603,8.821703236434553,1.6836421804154464,811
GRDC__1597002,0.2301691407421873,0.3763022451974063,0.8478080488591667,0.4752880135397142,0.4576398861102807,791,0.679852586463671,0.6179877954945021,0.7895213447138654,0.7746612145041737,0.9138865062013638,791,0.052945035520233996,-1.5787590953806396,0.1790486058193646,1.4402575443625543,0.8293389066878586,791
GRDC__1599003,0.19912749464923507,0.30761895528460526,0.6703710144929255,0.5040154717068841,0.46451811474687293,670,0.5634385499874366,0.44751963502181247,0.670554694473924,0.7144280010119227,1.0223679167079989,670,-0.1552494055477429,-1.959713595195817,0.08412034416172623,1.443442958636111,0.4530777134948414,670
GRDC__1599101,0.29981490899426944,0.13798372940746917,0.6285532568794917,0.6871714333126563,0.4955946406349229,1087,0.6343625454912816,0.26971026431417444,0.7228822529703982,1.2150525826945677,1.10319345472097,1087,-2.8629139924491427,-20.00124748762409,0.29768096268704153,4.680950070615121,1.9377947859343803,1087
GRDC__1599140,0.05400272266527861,0.12981011428605593,0.6257514370031118,0.37520915709310454,0.39627384979681307,641,0.4836119204949384,0.42391656712834824,0.6618049665031401,0.6434518342295686,0.8413993270546288,641,-0.17385179657310346,-1.8877446227735017,0.07925029492777948,1.376102272408694,0.3765458303801809,641
GRDC__1599151,0.3069122718210573,0.4358722138768577,0.7841209472600721,0.38942989769091535,0.7530769680515133,681,0.6150279855436949,0.44164257979425037,0.7595231482161203,1.0810071679128517,0.7104966763275443,681,-3.840540636266531,-27.83152926482731,0.2063820111685474,5.341680977214391,2.9876645670850484,681
GRDC__1599170,0.02142774936578684,0.15338882612104077,0.7666462729726983,0.38196276099027343,0.2780722619326703,913,0.8059323987965125,0.6890035395680186,0.8328942866370764,0.9014307838377331,0.99530702402514,913,-2.703887495562252,-19.66300927415247,0.12225193526174279,4.526326744035396,1.7164918763889636,913
GRDC__1599180,-0.030625680358809415,0.13235611063728214,0.6005929194156179,0.2607878346149706,0.4031510647233291,656,0.6561218539262494,0.3345445136897035,0.6575183207278738,0.9701901806492668,1.008357833471712,656,-7.130692208674274,-78.33326861627172,0.09292647288065153,8.889377607099572,2.7444467263839423,656
GRDC__1599201,0.5323168197579472,0.31525435254714695,0.7931106233747688,0.9867662060968768,0.5807754663430665,1048,0.7797692825612237,0.6478890029730875,0.8519765710379442,1.0537715527780787,1.1539456186247197,1048,-0.4739334984429313,-3.9184613769085184,0.29204085879742675,2.2780492382535447,0.8054133693712028,1048
GRDC__1599230,0.0927630239709113,0.14238017724054985,0.6442324122789932,0.500246729764022,0.3316026458086278,943,0.5992116073447309,0.28315785145278705,0.7412154159286234,1.2360302088891537,1.1948117430391227,943,-2.201283817760142,-12.888468429183018,0.3293616156583631,3.759436655177351,2.4778266425275404,943
GRDC__1617800,0.18535489595165222,0.31816944274551606,0.7783735849156987,0.33152971514661356,0.5905175755238612,1055,0.8056638271844425,0.7734204767045118,0.8800610881696175,0.8470909239614696,1.0001412748558434,1055,-0.29900898057920533,-2.3860215101352873,0.4990684611447273,2.0770161778584786,1.5258593705893515,1055
GRDC__1617900,-0.008330769647949765,-0.005978149263984545,0.6559459763571899,0.2683462611577377,0.39747151414048676,1277,0.608383439311132,0.6047945705334695,0.7924109697657855,0.6951592403981909,0.8683093153727713,1277,0.4662606595573381,-0.128405083079266,0.5270967735813017,1.1377913183783734,0.7944427706002466,1277
GRDC__1622500,0.27953908478782297,0.036167157399393246,0.9069029666801907,0.49371294710251606,0.49594614096924283,109,0.9050622899486358,0.9283743063348583,0.9741915428550638,0.9962245566169846,0.9087156182205491,109,-0.6668361277916746,-3.691222698187877,0.7265386099899117,2.506701784526579,1.6583397888550535,109
GRDC__1634200,0.5072219848340018,0.5936225091779639,0.8207233089047531,0.5670925106031599,0.8474183959810193,1461,0.8831133680969742,0.8393256507543343,0.9174346001518142,0.9373710860785619,1.054065317964142,1461,-0.8616941192713727,-4.260947697299414,0.5613702485245481,2.5691759513391266,1.900664070888332,1461
GRDC__1634500,0.41133252963057687,0.5670293336016146,0.876676191088102,0.435930427584441,0.8853433547432784,1560,0.8341545630652899,0.8597224266901353,0.9310252429413515,0.8752038352423814,1.0846942093803031,1560,-0.6577974301155916,-2.392136991449443,0.6338290764470443,2.020894701592607,2.253788332336195,1560
GRDC__1634560,0.18598101654961963,0.3092962931071115,0.8344511513676994,0.29943116753871607,0.6199686919240157,449,0.8265120234296324,0.8251867750721511,0.9173636411705576,0.95594248265326,1.1460419302088745,449,-1.5284081889545793,-7.198971090434187,0.5115044446213947,2.890846084943142,2.605901972538522,449
GRDC__1734300,-0.05799398888217189,0.35625750470178863,0.7203192756773484,0.7276026161222283,1.9833258047105813,696,0.612112148020096,0.497645232383661,0.8173712857304061,1.2155897450389266,1.2657532695412599,696,-3.0722742794290037,-11.874942614346343,0.422877150767739,3.6658101797810527,4.023872204503484,696
GRDC__1737280,-0.7064391003799393,-1.6806950141145083,0.7500750003478385,1.3635743484310716,2.648419118736884,453,-1.6036397235961686,-5.376920095543102,0.8217601566230563,2.6097390709663277,3.038605035784362,453,-14.130396312495845,-194.62361072798052,0.6056723744539317,10.781337419214768,12.536846908422943,453
GRDC__1737300,0.6316437461175088,0.6209694505732656,0.7958002964873081,0.6984931242663267,0.9444805012181283,351,0.7608193009840927,0.5631357058818172,0.8112152158467513,1.102052346461704,1.1056079099102414,351,-7.123460251100539,-64.95809966272877,0.7794290284861646,6.273838677189421,7.174834451604093,351
GRDC__1749200,0.40520575772116063,0.5161550210709256,0.7824259126968622,0.5248388792816111,1.2840134090846942,383,0.4620055934273659,0.49831830689877543,0.7783431207935938,0.9239328114507239,1.4842726424547708,383,-4.39860127217151,-16.690405895393603,0.6706170934543194,3.690233912548734,5.668944644407352,383
GRDC__1749400,0.26136948457282905,0.2534310634798972,0.6789802930251152,0.4174631205385467,0.6787957501506565,430,0.65279330552639,0.4159510438749743,0.7095753266129031,0.9248117496918141,0.8252066225771628,430,-0.8881855561363421,-5.150197879606514,0.5086822950279347,2.5600717413074383,1.9434128307145644,430
GRDC__1813550,0.37771923727524115,0.4940577646841605,0.8073420688038454,0.41063151825157773,0.9474541921169246,324,0.4736901297659848,0.5597971424411443,0.7903419257759339,0.541737796181233,0.8482063111668711,324,0.05161481706725146,0.11188012163095906,0.4136443836383475,0.5342519942202302,0.4180203255441846,324
GRDC__1813650,0.26369019458323584,0.3112644505110306,0.5915131974714032,0.4086536126793926,0.8399996502638125,610,0.5395592887497886,0.3722621870377003,0.6226542733620021,0.743667537998841,0.9374738447602423,610,0.31123947755121717,-0.3600893906212259,0.31930142896647606,0.9973926519056007,0.8949585109932584,610
GRDC__1813800,0.496469083207973,0.5460072909143876,0.7564453644016238,0.6289503659770901,1.2377954851031154,645,0.7926648880783222,0.7076693758334334,0.8424429710120045,0.8797282863952487,1.0608140292911696,645,-0.18574392254575556,-2.6724587078239064,0.2885600837585592,1.9485976953710478,1.0020755166352098,645
GRDC__1897550,0.10437902078692263,0.19732537067180667,0.6885792169957075,0.17201107395559015,0.8600415323483082,740,0.31029288887178996,0.3343866508466591,0.6572282656321561,0.5764410988702358,0.5771509790326719,740,-3.4840099731344525,-26.700486549906017,0.12313737749089462,5.213064633185023,2.25997768909661,740
GRDC__1931070,-0.12269709813934959,-0.008545018370848867,0.647181303233802,0.3732754890581342,1.8620812773557938,329,-0.3859701091540786,-0.3730031023371281,0.8010836994923171,1.170594613423768,2.3609713173802382,329,-2.125046009978723,-14.004374622389332,0.24784113546701433,3.9768035087996463,1.5820742882025474,329
GRDC__1992840,0.4647552497381502,0.4661902974961293,0.6932256798620241,0.5775611378836868,0.8820090386486016,969,0.5286948732337169,0.4814772647754705,0.696137262655231,0.6405889654197622,1.0248931233775362,969,0.3342078390107377,0.28462514562761454,0.5336090913888908,0.5255843143297608,0.973761113024891,969
GRDC__1992850,-0.14380787374870563,0.08056613518681677,0.7244167859636986,0.1971613826040082,0.233318515543352,1081,0.40340230167571123,0.42623361449761077,0.676580218650445,0.5004144886424025,0.9582534370371294,1081,-0.18400355818716885,0.04490365704492716,0.5879528686210488,0.2613638584370709,0.17144810802262828,1081
GRDC__1992870,0.018431973119466094,0.20502093287968626,0.7300634248282484,0.335568313767598,0.3298204933683388,1111,0.5137200348214359,0.4874202060696219,0.7039988202639373,0.6152799909114618,1.0290175935570074,1111,-0.042666000114488956,-0.046886989726576456,0.4184683986848511,0.5417259916307217,0.2658621943260649,1111
GRDC__1992880,0.5219136266887522,0.19043247465260094,0.5483865287748549,0.8786771043898375,0.900538409651552,966,0.5352864591585584,0.21261744153619055,0.5574372807992858,0.8700525564136721,1.0566619494938012,966,-0.16306949180802754,-0.8673649334206324,0.5204468765463773,1.538756922990369,1.9124146110680207,966
GRDC__1993100,0.40666428644839747,-0.1397700176187826,0.6376766477657543,1.3270154907934117,1.3373869087304249,301,-0.1605946312709403,-0.6437037834836417,0.6731582921369643,1.282060303273309,2.0773097889899046,301,-1.9943583758700294,-10.143379672065551,0.3811387409221166,3.2003041223413162,2.934387395110748,301
GRDC__1993110,0.08080117044308832,0.0031186247654813037,0.3887922019239815,0.5576539355080541,0.4749462169850135,1187,0.2994772764446604,0.24587509952656705,0.5124014985330904,0.5355211180213889,0.8070255048445147,1187,0.280783362328234,-0.7545421378425432,0.3329206387544583,1.2623766454837895,1.0586190549974526,1187
GRDC__1993180,0.3435572241687188,-0.09393235029675884,0.6306529720969322,0.8243622289863888,0.48653017195397125,1187,0.5749377870943826,0.5641690847682508,0.7709860361109058,0.655984924985493,0.9005811016617654,1187,-7.024569120557063,-78.7302287734704,0.23071455735595361,8.774366046773698,2.833341770948942,1187
GRDC__1993200,0.2608968201781353,-0.49624709631900044,0.6032444964880244,0.9504193761243263,0.3783889137154572,979,0.804257464506725,0.6149881400692085,0.8066624756153055,0.9912477004747535,0.9706889249744391,979,-11.689796691753378,-183.50701575385892,0.4852553993624847,13.235204468430982,4.326522161332462,979
GRDC__1993260,0.21640527401129206,-1.0438603923526277,0.5889646192603158,1.5253079201731043,0.5887553047382755,749,0.7482274516572858,0.5478671885358597,0.8288145934545295,1.0205323780743576,0.8165241320078905,749,-10.913497779900329,-170.0549099482775,0.4418235945963333,12.57893179372483,3.7474000379283967,749
GRDC__1993320,0.5359289740500094,0.11645082582763289,0.7197619544674444,1.1661136746254528,0.6694931134381624,1151,0.8268981580048572,0.7123047130749416,0.8779546247647898,1.0974120330332768,1.0746998655027697,1151,-0.9112928413326231,-5.551949951208422,0.4435402644834294,2.797840257743028,1.333411601052876,1151
GRDC__1993325,0.47520044858385513,0.05047723120554859,0.7161125881689606,1.2926456733746696,0.6695744918660986,887,0.719168527075255,0.637900999245804,0.8072969776917822,0.8256515010912278,1.1064634317811433,887,-2.599223865366528,-16.506261601179563,0.47558736294397413,4.40370136907568,2.0460500988347814,887
GRDC__1993400,-0.1225485617881561,0.08060544340242004,0.7242944817048946,0.3021586295463831,0.16506337819107314,1147,0.8222940532935854,0.7173524273709531,0.8830929025138289,1.1329046352141807,1.0157636287309586,1147,-1.5379446054720427,-9.582639331723831,0.3357087899542363,3.4494332361706195,0.9874768117756416,1147
GRDC__1993580,-0.07062240939049547,0.24390678182711822,0.7324266089550178,0.2514686497694294,0.2828266307120729,853,0.6931749040941926,0.5566937949780417,0.7505896205798045,0.8301183038596666,1.0554645060517576,853,0.0927565408733022,0.1203712284761691,0.40081753830557626,0.5150185624828446,0.5216025951264157,853
GRDC__1993651,0.06522407208951642,0.3337373299934624,0.6583342716887353,0.4210507886237715,0.3504706502818508,1043,0.2600559744404646,0.4312085019776314,0.743350147409912,0.4164637327399204,0.6243226931009682,1043,0.45474138422432375,0.07448690752263243,0.5511515892597357,1.0196275922524776,1.3089608711081648,1043
restricted_ADHI__114,0.49183314528943867,0.5935006429371376,0.8123071219327567,0.5851269845311183,1.2255777400033452,1150,0.8211438702757335,0.8312524306158604,0.9143709991534719,0.848743523211377,1.042174252612959,1150,-1.4615412702527975,-6.754090928063665,0.45135159764085236,2.9880958051208584,2.3437430652499596,1150
restricted_ADHI__124,0.27268164551193885,0.3869190502914187,0.7871148078878111,0.3048756580450893,1.0217722983704027,1033,0.6799048267779986,0.6675369280781207,0.8217038781414342,0.7342009757949424,1.0047213961767387,1033,-1.6835241954637548,-2.6476239059686075,0.6947515612265046,2.182729494902912,3.3894092240870837,1033
restricted_ADHI__127,0.15699613891373,0.26489414798187394,0.6173667706852165,0.3563421771187173,1.3872362698330658,1148,0.658257501974544,0.36691122014191846,0.6651176900717715,0.9392782520721245,0.9691027059049465,1148,-5.005056449489451,-33.760297528063724,0.2850004378185547,5.725625248181744,4.635649130675625,1148
restricted_ADHI__128,-0.6358400519583791,0.0207128664980607,0.5416659100572201,0.4957201309371596,2.4871463785537324,1378,0.7372619950826169,0.46142982118257436,0.7538809515747232,1.080476102173266,1.044500227069096,1378,-18.66845105613382,-95.27879278290793,0.7100932342766388,8.101623947911152,19.339325459710185,1378
restricted_ADHI__130,0.45332125157456504,0.3891160411797431,0.6254825714534272,0.6180695930386484,1.1127985546591757,823,0.7740350725916332,0.5698136462893086,0.777356184130583,0.9629629915465023,0.9891307921820781,823,-1.6501987994524567,-8.40166994017449,0.3612805721319558,3.23736923212609,2.2687671528766304,823
restricted_ADHI__142,0.40477464009230646,0.5081379960809209,0.7967296425578873,0.4412458920185345,0.9722828992057992,972,0.7551856093210434,0.7006361715439335,0.8497066682811769,0.945688513125473,0.8145377054012254,972,-4.6998109211938175,-22.56065251693191,0.657118034868362,4.70867818479749,5.31462427297615,972
restricted_ADHI__145,0.567278084859385,0.5263871730636809,0.728592458695053,0.6642074353664489,0.9711979878725902,1201,0.5944592696427937,0.5379224533256484,0.8837470792101934,1.3719051152027388,1.112406083787902,1201,-1.390377930723099,-9.192886521026688,0.21490744938257156,3.253207711708759,0.8565031479465751,1201
restricted_ADHI__155,0.5270790079536418,0.545795757947217,0.7617253797976391,0.8309404580358918,1.3718848495924756,745,0.7109114389355409,0.6836090809644098,0.891392746768428,1.2163921547408245,1.1579591594382412,745,-3.5639893699476595,-20.27727211311343,0.4848294063685628,4.88195018921275,3.3441546358812935,745
restricted_ADHI__161,0.3241347637684151,0.42673192106422453,0.7955670022085821,0.3919946201143128,0.7870905709216914,321,0.7670999896270394,0.7694427621809252,0.8929271224563161,0.8828826542347359,0.8295261279634325,321,-2.249426246740442,-13.221892067949394,0.4394443469324587,3.6705543184054905,2.7642811355522348,321
restricted_ADHI__166,-0.08031857915021345,0.03634901307650884,0.3747715380523332,0.19189356689522,0.6490846318521218,1351,0.47666291377265846,0.22171354977489643,0.5684653130172326,0.8290551895593803,1.241738270728963,1351,-1.648681518803285,-8.063809173353347,0.41245865914240953,3.002187318376468,2.6314272594773542,1351
restricted_ADHI__167,0.3707989106518429,0.47574750938827504,0.7673206557094527,0.46073431710179846,0.7742858958200333,1051,0.6878509131867341,0.6635275937087344,0.8233770208569013,0.8329836851387589,0.8041762879344202,1051,-2.310029789275417,-10.163011496188405,0.5932095946803331,3.592091059252461,3.0178906592216483,1051
restricted_ADHI__193,0.2655509195732688,0.3830540708017177,0.7225109513659674,0.37806226082634864,0.7250295866471852,872,0.591500856779422,0.6436299397417282,0.8173818182667681,0.7161046070538198,0.7699444511072847,872,-1.8802049548154103,-10.670844757938845,0.30159083706636985,3.5223415098404907,2.202330458155818,872
restricted_ADHI__204,0.23016760512233492,0.15941328161873425,0.49109755319370996,0.5947562925873273,0.5883718262313857,1093,0.6562639550685774,0.6366160802658766,0.8048081497078868,0.7570937281077352,0.8549098444413289,1093,-2.073312900661622,-8.706979334779083,0.5042397048140582,3.1622385358024867,3.127016320901422,1093
restricted_ADHI__205,0.380094727839036,-0.12062666640263897,0.47050586676370293,1.035951330657912,1.320352947770466,1247,0.3410457625314449,0.14063778068375954,0.7605252380379083,1.3833032491371255,1.4795322144151393,1247,-4.400709703748992,-24.67558578937825,0.3738964400598041,5.084637030142036,4.477269038827911,1247
restricted_ADHI__245,-0.03240797564989695,0.0990433492092826,0.5932888850478032,0.25680273460896447,0.40999142220206153,963,0.19308657880848745,0.3410993118045541,0.740237977387784,0.3934465603190141,0.5355369920881035,963,-0.15480642087161955,-1.07803484699825,0.10841783572701273,1.0434790884465444,0.26735500895421827,963
restricted_ADHI__249,0.6803456757394983,0.588842609941393,0.776420561578447,0.8198505571868994,0.8595104986567669,1087,0.8081620062808021,0.6751011123305264,0.8585118895946175,1.0985177883451354,1.0841259521652171,1087,-4.162873914942316,-26.751244592864,0.5893313093301471,5.301389035204235,3.8257159545715274,1087
restricted_ADHI__254,-0.15303877504006014,-0.3597034351481452,0.9103562926880954,0.2915489941462748,1.9052953080570476,161,0.7421694280789899,0.7985978123947938,0.9054801172896589,0.7610417335627472,1.0210129124787928,161,-1.4425485556182416,-7.830012709477048,0.4023814938477448,2.7323143445675657,2.6149249453960857,161
restricted_ADHI__255,0.4606972217655837,0.5084081315028242,0.762931524018902,0.5743952785866523,0.7686849649978923,836,0.6972106600458049,0.7083682222809665,0.9059149239638653,1.184342336134359,1.2210142211842914,836,-3.1202486136097383,-17.87321407700781,0.6103089102534418,4.448796331052715,3.220448909442063,836
restricted_ADHI__256,0.23644430700820618,0.46524259862050454,0.9271232727340856,0.35220640076814597,0.6024201568018969,540,0.880377999010055,0.9174643083623856,0.9624358581979511,1.024537217215499,0.8891113921864225,540,-0.5284894617948344,-1.6567412047664773,0.8653881278907893,2.3508259121757287,1.7024450396292412,540
restricted_ADHI__258,0.3428456858947462,0.5168691493772162,0.8851282309126507,0.4486500814504502,0.6613710931871084,775,0.7002551007374179,0.7925620741441142,0.9120450107670243,0.7279710065820688,0.9099380699574469,775,0.14573356716140506,-0.8513328250564736,0.6218364799213623,1.7092513796726396,1.2893544034380133,775
restricted_ADHI__261,0.315533163638945,0.5024424197847507,0.8980046450859951,0.4319612891606008,0.632000243693028,845,0.7537908111639147,0.8078511375076434,0.9096292797873092,0.7869211367369238,0.9160387254379856,845,0.3534456219407658,-0.21753149181948017,0.7145352915616255,1.5585413652930946,1.1567609877497675,845
restricted_ADHI__263,0.24909833763587863,0.30038578640856706,0.6170189226722899,0.41182803064451545,0.7331057598699471,1323,0.6972295650269327,0.47140754897478665,0.7161967584757087,0.9148249261647438,1.0622162614695212,1323,-2.2943690178779352,-12.505959246664398,0.4373664133111142,3.784678532535281,2.667895723215568,1323
restricted_ADHI__271,0.3157606614206899,0.4496078567302402,0.8200015755827933,0.4378795017850995,0.65387201044497,812,0.6216956852944211,0.6976650536709227,0.8639271527027963,0.6937598005279363,0.8244571990066235,812,-0.5508668775475711,-2.0521034696080886,0.7439136440288717,2.1324407049400023,2.0281954580499626,812
restricted_ADHI__273,0.2890477963419219,0.4924032681665649,0.9064645638104943,0.3702737346271362,0.6835367497438892,1120,0.6133867446057624,0.7615372711592032,0.9147554869049853,0.663379839083864,0.8300292687004067,1120,0.5089319699874078,-0.04465070242262703,0.6557350081513809,1.3432099202941812,1.069544058693609,1120
restricted_ADHI__274,-0.06025579921739421,0.04151760720807185,0.7216391536622475,0.12571914890141486,0.46868973997994456,654,0.6192940078659084,0.6287666145496643,0.8035032725388576,0.6760056195007493,1.036793069303489,654,0.2014654700321925,-0.6624208674983008,0.5202256288139172,1.4351921725585588,1.4669922068382595,654
restricted_ADHI__361,0.2562602466648298,0.018088129010773057,0.44058418870854044,0.8115768227163934,1.452437263087965,1314,0.5194928493341511,0.20772053671966595,0.5518118086085014,0.8597645761973054,0.8982724577653188,1314,-2.1922412886397966,-9.169045403891976,0.2751157718829983,3.15688618613019,3.238925921240953,1314
restricted_ADHI__362,0.3602061460665337,0.08886698049152253,0.4256423624094137,0.7277154851545495,1.0728740190175894,1374,0.4827198318855477,0.28475175818358156,0.5659104952788501,0.7463489002039063,0.8783192957462238,1374,-0.7652738713496787,-4.142910173457784,0.24301287593253934,2.243996730724265,1.9978148469597439,1374
restricted_ADHI__367,0.12226566557155016,0.21646275525758818,0.5990343798902311,0.2739001243174012,0.712905757880349,996,0.5408132761272866,0.4721931315296122,0.6945317851838336,0.6923209437525316,0.8487544530749844,996,-3.003082518762647,-13.150079922552692,0.5739409609300425,3.674515593626418,3.947899198870106,996
restricted_ADHI__371,0.18895740718589082,0.227503726545358,0.6735978562000382,0.9180589315110145,1.7379277669096789,862,0.3629445871302388,0.3197121209284627,0.7269220145121056,1.056158291359383,1.5728125864714653,862,-5.144298773108578,-24.92201568106111,0.5513439953194855,4.817729383724314,5.793334700950442,862
restricted_ADHI__375,0.4343305312948256,0.4997844916310932,0.7245757747491869,0.6272173777323806,1.324278523040705,980,0.6890678896747837,0.6288225039081633,0.7989066295963806,0.8612719644777621,1.1923402344054563,980,-0.4819985841395831,-3.864804436785602,0.08998056654174337,2.0476243563957035,0.4797427155661052,980
restricted_ADHI__380,0.45322504090359617,0.4153368162943294,0.6514468796268995,0.6420841933961963,1.2221932797278028,887,0.6265226359408442,0.4888459481804286,0.708397203265592,0.807509237211061,1.131910790469086,887,-0.30990060569162936,-2.72482112973115,0.09244244200956206,1.72553569031463,0.39520512749742676,887
restricted_ADHI__381,0.5703445464184782,0.5240353199170535,0.7263930254726946,0.6716579887101035,1.0439835867621452,726,0.670381917716862,0.6107539476104327,0.7827351819402403,0.7616635154094927,0.9318839291025093,726,-0.18470482691237367,-2.3258901569334416,0.22382723103302327,1.7386526601866608,0.4945560295910308,726
restricted_ADHI__383,0.1646240474404842,0.26773659045914444,0.6810581270116471,0.2584449985149965,0.7849994336240568,1056,0.43958887445861805,0.5576443377482909,0.8076234903874303,0.5499153156791489,0.7270976637702725,1056,-2.6570005773415715,-10.615148447056562,0.4073622340312104,3.1703267623919937,3.8830739576828748,1056
restricted_ADHI__384,0.0704604140351105,0.169578093305513,0.5000288788260135,0.21645955047552193,0.9882917197341433,918,0.3460753254311252,0.31638355028006826,0.5657326136347758,0.5150428841578405,1.06201542504555,918,-2.7686074376498695,-6.94793407889958,0.47886116956986363,2.4200891877601607,4.451689881396431,918
restricted_ADHI__395,0.18871304914021303,0.26835327974405787,0.6816573035722504,0.2966479861031409,0.7507202599212831,1074,0.6002249642669462,0.3468023561409781,0.7338284602029675,1.0939743277668008,1.2830929464296472,1074,-2.53019558139443,-12.88375247392231,0.6132378458273778,3.6222666541405046,3.3316117759136645,1074
restricted_ADHI__401,-0.02797714375331628,0.18938366495334702,0.5405169918009615,0.2866794808272913,1.5803328443081313,1096,0.28032072513643647,0.3079662330952395,0.5763010342664473,0.4228254691616432,1.0727118013529093,1096,-1.741181566675571,-2.67975875496856,0.3681020504309014,1.8103329036232316,3.5412874587731804,1096
restricted_ADHI__403,0.30145141792210217,0.38780888770332145,0.7156581845925151,0.3661770511131772,1.073405197351614,949,0.759039907617339,0.6747639049760101,0.827447166334608,0.8868247647769136,1.1244132301939918,949,-3.3243715105722007,-15.10699936885144,0.6976405059717457,4.1719956823235025,3.9235613708524295,949
restricted_ADHI__43,0.5763355322096022,0.6595925812638579,0.8464728508617811,0.6125856869477733,0.9236380606068486,415,0.8219483961119051,0.7540330590580236,0.8685817786907845,0.8822387188228334,1.0237466926235514,415,-1.3426409880112105,-4.373880191870719,0.7533081527891134,2.7702502801543676,2.514372436636115,415
restricted_ADHI__44,0.4021322796885767,0.5115657434696131,0.8041702536490686,0.43803210422572303,1.0573463647805117,651,0.6357129601175964,0.5924195867735185,0.789504033172637,0.8749147403102947,0.7302775997732917,651,-12.089698955268021,-106.9676027884828,0.6245871005570021,9.207850748815567,11.189723744029779,651
restricted_ADHI__499,-0.04441008522533485,-0.09556565101419046,0.6634926060214114,0.20149543161769426,0.4169514135248093,775,0.7235380536395597,0.6172996581291531,0.788387106968999,0.8297884117993088,0.9482389477439702,775,-1.4741745028080135,-7.623711078247409,0.49500123338906565,2.8543509546391155,2.5581714453473077,775
restricted_ADHI__530,0.11049422888752125,0.34229940038690254,0.8677981899346341,0.3094902161249066,0.45507850415805945,833,0.4647294926062264,0.7429916368096562,0.955075078078404,0.5964914801451201,0.6511774922966548,833,-0.16897024653571746,-0.17717474888960538,0.29536858157038093,0.5207480259967472,0.1998103057014389,833
restricted_ADHI__533,-0.08728806558938218,-0.022624300267473973,0.6868759124069174,0.18644139207049248,0.350176150940963,992,0.5272335332667462,0.5751471371682563,0.7876525163438626,0.5927848292560834,0.8877837669124734,992,0.07630595551317121,-1.012188942226513,0.5329897420918486,1.5991643472390222,1.525465690437191,992
restricted_ADHI__574,0.3902987895653979,0.45780379291615925,0.7186529342113754,0.5045790496046874,0.7828883317576977,868,0.6517648040631832,0.6017650537848027,0.7770125575408345,0.7325940837518462,1.0061990442939965,868,0.5210578680293003,0.05900655796981513,0.567337162858404,1.0700467494200518,1.1930851833489775,868
restricted_ADHI__575,0.2704068011342434,0.39148824698344276,0.713185589876569,0.4195155995887333,0.6637239365403955,718,0.6464492115970932,0.5955755204572833,0.7753210883323532,0.7665460464648616,0.8585192655837122,718,-0.8536143817496944,-6.033346989311259,0.21100033560381026,2.676110891561471,1.0633883664485286,718
restricted_ADHI__577,-0.12037257607357499,0.02348765016734433,0.7622166877999936,0.17315409346142818,0.2823513028665485,1133,0.1603703229615221,0.36880917076535014,0.8319766041369477,0.38098524155048236,0.4581818923032638,1133,0.5002409472290691,0.1605978218562123,0.6722785593054871,1.1667973815215797,1.338432270407471,1133
restricted_ADHI__597,0.35951435567095347,0.13713136504173307,0.48792495170397654,0.7092607658599522,1.251935910969194,1644,0.12383575269184699,-0.8337193511063556,0.5692153758372409,1.5186912714179952,1.5595067120247945,1644,-3.0543597599451697,-18.151470207801353,0.43490172918954273,3.9112169232371325,3.7646542339409117,1644
restricted_ADHI__654,0.3357099722411985,0.3613573829993758,0.6554347627378173,0.7324039209608342,0.49905252098337743,1607,0.20945237788385873,0.3839086861258386,0.7234386278708856,0.43726871699162345,0.5185305270286669,1607,-0.1548695899741308,0.15793767695094785,0.690346528830185,0.3490300059143796,0.09773808434597593,1607
restricted_ADHI__67,0.1976319178703725,0.2910112908248823,0.6421146294962187,0.40984203075581943,1.4091774335631582,880,0.48755251459496773,0.5785347772954412,0.8078587226356571,0.561700486786396,0.816757833598658,880,-1.4236100368498867,-4.232844827559036,0.6595918860855239,2.4466295441925237,2.9144897201526128,880
restricted_ADHI__75,0.34258733217304915,0.39855657635382813,0.7032773668637224,0.4629337185067634,0.7639768992512587,407,0.6808613069977959,0.5376124767851025,0.7663305676474006,0.9151128241050136,1.2001056449072407,407,-1.761038371808818,-6.623802919238403,0.6731051882739085,2.5746526764197224,3.2443131736260553,407
