station_id,source,lat,long,area,provenance,polygon_source,polygon_area_km2,area_ratio,west,south,east,north
restricted_ADHI__43,restricted_ADHI,7.633,16.967,7383.096,continent_pub_baseline,station_boundary,7610.847989269236,1.030847762140603,15.8,6.4,17.2,7.9
restricted_ADHI__44,restricted_ADHI,8.096,20.342,2403.689,continent_pub_baseline,station_boundary,2532.1665772049964,1.0534501664753622,20.0,7.6000000000000005,21.1,8.3
restricted_ADHI__67,restricted_ADHI,4.096,18.25,1652.888,continent_pub_baseline,station_boundary,1724.9371051584342,1.0435898289287806,17.400000000000002,3.9000000000000004,18.400000000000002,4.5
restricted_ADHI__75,restricted_ADHI,5.816,15.189,4432.41,continent_pub_baseline,station_boundary,4543.188696886219,1.0249928812736682,14.600000000000001,5.6000000000000005,15.600000000000001,6.9
restricted_ADHI__114,restricted_ADHI,9.313,-5.364,9810.199,continent_pub_baseline,station_boundary,9676.773621040355,0.9863993198344247,-6.4,9.1,-4.800000000000001,10.4
restricted_ADHI__124,restricted_ADHI,9.203,-6.683,637.155,continent_pub_baseline,station_boundary,630.5348377069873,0.9896098087702166,-7.1000000000000005,9.0,-6.4,9.600000000000001
restricted_ADHI__127,restricted_ADHI,9.264,-6.104,1062.117,continent_pub_baseline,station_boundary,1050.2468910572318,0.9888241041780066,-6.7,9.0,-5.9,9.700000000000001
restricted_ADHI__128,restricted_ADHI,7.852,-5.522,1043.87,continent_pub_baseline,station_boundary,1034.089954654171,0.9906309738321544,-5.7,7.6000000000000005,-5.0,8.200000000000001
restricted_ADHI__130,restricted_ADHI,9.744,-5.167,783.38,continent_pub_baseline,station_boundary,771.8824554169693,0.9853231578760873,-5.7,9.5,-4.9,10.200000000000001
restricted_ADHI__142,restricted_ADHI,8.022,-6.654,3291.455,continent_pub_baseline,station_boundary,3263.951666434781,0.9916440195703059,-7.2,7.800000000000001,-6.5,9.5
restricted_ADHI__145,restricted_ADHI,9.6,-3.7,2204.425,continent_pub_baseline,station_boundary,2167.4110102314207,0.983209231537213,-4.1000000000000005,9.4,-3.3000000000000003,10.4
restricted_ADHI__155,restricted_ADHI,9.944,-6.583,346.255,continent_pub_baseline,station_boundary,342.02836344199375,0.9877932836839721,-6.9,9.600000000000001,-6.4,10.200000000000001
restricted_ADHI__161,restricted_ADHI,6.175,-6.1,2557.45,continent_pub_baseline,station_boundary,2544.415375819916,0.994903273111856,-6.5,6.0,-5.7,7.0
restricted_ADHI__166,restricted_ADHI,7.398,-7.556,209.364,continent_pub_baseline,station_boundary,208.5299783511312,0.9960164037328825,-7.9,7.2,-7.4,7.7
restricted_ADHI__167,restricted_ADHI,9.392,-7.217,542.652,continent_pub_baseline,station_boundary,537.1532836993889,0.9898669565382398,-7.4,9.200000000000001,-6.9,9.9
restricted_ADHI__193,restricted_ADHI,9.751,2.095,1203.381,continent_pub_baseline,station_boundary,1181.2299106210473,0.9815926216394036,1.4000000000000001,9.600000000000001,2.3000000000000003,10.3
restricted_ADHI__204,restricted_ADHI,9.083,2.093,3182.695,continent_pub_baseline,station_boundary,3129.545419700533,0.9833004481109665,1.3,8.8,2.3000000000000003,9.9
restricted_ADHI__205,restricted_ADHI,9.35,2.367,2193.087,continent_pub_baseline,station_boundary,2155.1671671017534,0.9827093804768134,2.2,9.200000000000001,3.0,10.200000000000001
restricted_ADHI__245,restricted_ADHI,9.733,-0.817,2147.12,continent_pub_baseline,station_boundary,2107.6647186662653,0.9816240911855255,-1.0,9.4,-0.1,10.100000000000001
restricted_ADHI__249,restricted_ADHI,11.771,-11.571,1442.586,continent_pub_baseline,station_boundary,1436.4318563346715,0.995733950235668,-12.100000000000001,11.3,-11.100000000000001,12.0
restricted_ADHI__254,restricted_ADHI,9.083,-8.733,1854.268,continent_pub_baseline,station_boundary,1845.9669125424662,0.995523253673399,-9.1,8.4,-8.3,9.200000000000001
restricted_ADHI__255,restricted_ADHI,10.65,-11.75,1802.524,continent_pub_baseline,station_boundary,1803.7083990454103,1.0006570781001587,-12.4,10.200000000000001,-11.3,10.9
restricted_ADHI__256,restricted_ADHI,11.25,-11.683,757.004,continent_pub_baseline,station_boundary,755.1556970356584,0.997558397360725,-12.200000000000001,11.100000000000001,-11.5,11.700000000000001
restricted_ADHI__258,restricted_ADHI,11.367,-13.9,3336.131,continent_pub_baseline,station_boundary,3354.3750229085913,1.005468617062277,-14.200000000000001,10.700000000000001,-13.100000000000001,11.700000000000001
restricted_ADHI__261,restricted_ADHI,10.367,-13.85,4653.69,continent_pub_baseline,station_boundary,4684.263183290738,1.0065696647801505,-14.200000000000001,10.200000000000001,-12.8,11.200000000000001
restricted_ADHI__263,restricted_ADHI,10.117,-11.417,685.004,continent_pub_baseline,station_boundary,684.6976803671093,0.9995528206654404,-11.700000000000001,10.0,-11.100000000000001,10.600000000000001
restricted_ADHI__271,restricted_ADHI,11.65,-12.75,2215.609,continent_pub_baseline,station_boundary,2212.779174172636,0.9987227774271706,-12.9,11.3,-12.0,12.200000000000001
restricted_ADHI__273,restricted_ADHI,11.017,-14.217,1826.409,continent_pub_baseline,station_boundary,1840.792026365562,1.0078750303823305,-14.4,10.5,-13.600000000000001,11.4
restricted_ADHI__274,restricted_ADHI,10.553,-12.644,2502.351,continent_pub_baseline,station_boundary,2508.6229546436375,1.0025064248155584,-12.8,10.0,-12.0,11.0
restricted_ADHI__361,restricted_ADHI,9.117,15.8,3817.22,continent_pub_baseline,station_boundary,3899.6524930789983,1.0215949023318014,15.0,8.3,16.1,9.4
restricted_ADHI__362,restricted_ADHI,9.344,16.073,6004.012,continent_pub_baseline,station_boundary,6136.367492134248,1.022044508261184,15.0,8.3,16.3,9.5
restricted_ADHI__367,restricted_ADHI,7.733,0.667,345.989,continent_pub_baseline,station_boundary,341.4103795982323,0.9867665723425667,0.5,7.5,1.1,8.0
restricted_ADHI__371,restricted_ADHI,9.09,1.05,463.15,continent_pub_baseline,station_boundary,455.42524445334755,0.9833212662276748,0.9,8.9,1.4000000000000001,9.4
restricted_ADHI__375,restricted_ADHI,10.717,0.1,305.674,continent_pub_baseline,station_boundary,299.06827596855703,0.9783896437660942,-0.1,10.5,0.4,11.100000000000001
restricted_ADHI__380,restricted_ADHI,10.533,0.317,184.604,continent_pub_baseline,station_boundary,180.71279223746342,0.9789213247679541,0.0,10.4,0.5,10.9
restricted_ADHI__381,restricted_ADHI,10.22,0.717,500.756,continent_pub_baseline,station_boundary,490.7328950217694,0.9799840541536585,0.5,10.0,1.2000000000000002,10.600000000000001
restricted_ADHI__383,restricted_ADHI,6.505,1.338,2572.574,continent_pub_baseline,station_boundary,2543.698216904764,0.9887755286746909,0.7000000000000001,6.300000000000001,1.6,7.4
restricted_ADHI__384,restricted_ADHI,6.879,0.822,853.615,continent_pub_baseline,station_boundary,843.5753289481063,0.9882386426528427,0.4,6.7,1.0,7.5
restricted_ADHI__395,restricted_ADHI,7.4,0.867,259.283,continent_pub_baseline,station_boundary,256.07119862800056,0.9876127575969136,0.5,7.1000000000000005,1.0,7.6000000000000005
restricted_ADHI__401,restricted_ADHI,7.167,1.167,386.104,continent_pub_baseline,station_boundary,381.49430006976894,0.9880609889298452,0.8,6.9,1.3,7.5
restricted_ADHI__403,restricted_ADHI,7.533,1.083,377.541,continent_pub_baseline,station_boundary,372.6760568398219,0.987114132875163,0.7000000000000001,7.4,1.3,7.800000000000001
restricted_ADHI__499,restricted_ADHI,7.25,13.567,1628.947,continent_pub_baseline,station_boundary,1657.8579260900392,1.0177482300467966,13.4,6.9,14.4,7.5
restricted_ADHI__530,restricted_ADHI,10.148,-0.795,4713.786,continent_pub_baseline,station_boundary,4620.225910043194,0.9801518164047315,-1.0,9.700000000000001,0.1,10.8
restricted_ADHI__533,restricted_ADHI,10.313,-12.418,408.806,continent_pub_baseline,station_boundary,409.9778555735273,1.0028665322268442,-12.600000000000001,10.0,-12.0,10.5
restricted_ADHI__574,restricted_ADHI,9.88,0.567,5409.45,continent_pub_baseline,station_boundary,5312.687696214174,0.9821123582275785,0.4,9.1,1.7000000000000002,10.200000000000001
restricted_ADHI__575,restricted_ADHI,10.0,1.108,3763.753,continent_pub_baseline,station_boundary,3692.291086266918,0.9810131234081826,0.9,9.5,1.8,10.600000000000001
restricted_ADHI__577,restricted_ADHI,9.015,0.682,2622.158,continent_pub_baseline,station_boundary,2578.9821167524133,0.9835342175232817,0.5,8.5,1.4000000000000001,9.5
restricted_ADHI__597,restricted_ADHI,10.125,-8.758,6937.522,continent_pub_baseline,station_boundary,6897.603966872424,0.9942460675256128,-9.200000000000001,8.4,-8.200000000000001,10.4
restricted_ADHI__654,restricted_ADHI,36.32,2.025,338.713,continent_pub_baseline,station_boundary,272.953761044791,0.8058555799298845,1.8,36.2,2.4000000000000004,36.6
GRDC__1993180,GRDC,-10.683,34.183,678.0,continent_pub_baseline,station_boundary,675.8440820861866,0.9968201800681219,33.6,-10.9,34.300000000000004,-10.3
GRDC__1259500,GRDC,-28.725,28.62,57.0,continent_pub_baseline,station_boundary,50.192145540686724,0.880563956854153,28.5,-28.900000000000002,28.900000000000002,-28.5
GRDC__1591800,GRDC,-15.217,28.5,64.29,continent_pub_baseline,station_boundary,806.5603472837306,12.545657913885993,28.1,-15.5,28.700000000000003,-14.8
GRDC__1993100,GRDC,-9.81,33.86,1410.0,continent_pub_baseline,station_boundary,1458.8684774027024,1.0346584946118458,33.2,-10.4,34.0,-9.5
GRDC__1634560,GRDC,9.27,-9.02,1902.933,continent_pub_baseline,station_boundary,1711.45639939721,0.8993781701180282,-9.4,8.5,-8.700000000000001,9.5
GRDC__1259520,GRDC,-28.833,28.72,81.0,continent_pub_baseline,station_boundary,70.41999002088681,0.8693825928504545,28.6,-29.1,29.0,-28.700000000000003
GRDC__1591460,GRDC,-13.303,23.364,1749.0,continent_pub_baseline,station_boundary,1721.6695621357017,0.9843736776076053,23.200000000000003,-13.5,24.200000000000003,-12.600000000000001
GRDC__1491830,GRDC,-17.633,31.6,1194.0,continent_pub_baseline,station_boundary,1173.6589914107303,0.9829639794059718,31.400000000000002,-18.3,32.0,-17.5
GRDC__1309850,GRDC,34.6,-4.55,1758.0,continent_pub_baseline,station_boundary,1730.8846016039824,0.9845759963617647,-4.7,34.4,-3.8000000000000003,35.1
GRDC__1992840,GRDC,-16.0,35.3,1446.0,continent_pub_baseline,station_boundary,1441.4868152011788,0.9968788486868456,34.9,-16.2,35.800000000000004,-15.600000000000001
GRDC__1993320,GRDC,-11.78,34.225,2320.0,continent_pub_baseline,station_boundary,2324.3625285691983,1.001880400245344,33.6,-12.200000000000001,34.4,-11.200000000000001
GRDC__1286150,GRDC,-8.85,34.183,433.0,continent_pub_baseline,station_boundary,425.0111753300897,0.9815500584990524,34.0,-9.3,34.5,-8.700000000000001
GRDC__1577100,GRDC,8.7,38.6,4456.0,continent_pub_baseline,station_boundary,4498.556059372222,1.0095502826239278,37.800000000000004,8.200000000000001,38.800000000000004,9.5
GRDC__1591490,GRDC,-11.867,27.133,110.0,continent_pub_baseline,station_boundary,110.11435712183416,1.0010396101984924,26.900000000000002,-12.0,27.3,-11.600000000000001
GRDC__1993580,GRDC,-13.95,33.767,918.0,continent_pub_baseline,station_boundary,940.3471738646404,1.024343326649935,33.300000000000004,-14.200000000000001,34.0,-13.5
GRDC__1286210,GRDC,-8.85,34.567,486.0,continent_pub_baseline,station_boundary,489.8440830676171,1.0079096359415989,34.4,-9.3,35.0,-8.700000000000001
GRDC__1495165,GRDC,-20.617,30.45,3710.0,continent_pub_baseline,station_boundary,4511.337046969111,1.2159938131992212,29.200000000000003,-20.8,30.6,-19.5
GRDC__1599180,GRDC,-26.743,30.803,1485.0,continent_pub_baseline,station_boundary,1505.5800999918952,1.0138586531931955,30.0,-27.0,31.0,-26.400000000000002
GRDC__1547300,GRDC,-10.183,30.967,6418.0,continent_pub_baseline,station_boundary,6334.097340373996,0.9869269773097532,30.1,-10.5,31.6,-9.3
GRDC__1634200,GRDC,10.033,-10.75,3180.0,continent_pub_baseline,station_boundary,3196.6521954774234,1.0052365394583092,-11.100000000000001,8.9,-10.3,10.200000000000001
GRDC__1813650,GRDC,12.57,-12.53,950.0,continent_pub_baseline,station_boundary,993.5227959857077,1.0458134694586396,-12.700000000000001,12.0,-12.100000000000001,12.700000000000001
GRDC__1491720,GRDC,-17.583,32.033,285.0,continent_pub_baseline,station_boundary,279.6209967217122,0.9811263042867094,31.8,-18.0,32.300000000000004,-17.400000000000002
GRDC__1234050,GRDC,14.62,0.3,7500.0,continent_pub_baseline,station_boundary,7582.7546827118895,1.0110339576949186,-0.9,13.700000000000001,0.6000000000000001,14.8
GRDC__1290920,GRDC,-8.983,33.067,146.0,continent_pub_baseline,station_boundary,161.67794879755488,1.1073832109421566,32.9,-9.3,33.300000000000004,-8.8
GRDC__1289460,GRDC,-7.037,37.567,40.0,continent_pub_baseline,station_boundary,49.42071417001611,1.2355178542504028,37.5,-7.300000000000001,37.800000000000004,-6.9
GRDC__1622500,GRDC,8.06,-9.07,4095.0,continent_pub_baseline,station_boundary,3978.2099224449007,0.9714798345408793,-9.5,7.800000000000001,-8.5,9.0
GRDC__1597002,GRDC,-26.033,31.104,6174.0,continent_pub_baseline,station_boundary,6080.859398468206,0.9849140587088121,29.700000000000003,-26.5,31.3,-25.5
GRDC__1104800,GRDC,36.45,7.72,552.0,continent_pub_baseline,station_boundary,551.5298408271241,0.9991482623679784,7.300000000000001,36.1,8.1,36.7
GRDC__1617800,GRDC,9.87,-12.52,2750.0,continent_pub_baseline,station_boundary,2728.2407930370296,0.9920875611043743,-13.0,9.700000000000001,-12.0,10.600000000000001
GRDC__1737280,GRDC,7.2,20.017,5720.0,continent_pub_baseline,station_boundary,5739.813367645601,1.0034638754625176,19.8,6.5,21.1,7.6000000000000005
GRDC__1993400,GRDC,-12.117,33.417,977.0,continent_pub_baseline,station_boundary,960.3112563059099,0.9829183790234493,33.2,-12.5,33.9,-11.9
GRDC__1293100,GRDC,-9.167,33.533,222.0,continent_pub_baseline,station_boundary,219.52369724581357,0.9888454830892502,33.300000000000004,-9.3,33.7,-8.8
GRDC__1591245,GRDC,-13.45,25.867,1125.0,continent_pub_baseline,station_boundary,1096.3097065265995,0.9744975169125328,25.6,-13.600000000000001,26.200000000000003,-12.9
GRDC__1599101,GRDC,-26.569,31.083,2977.0,continent_pub_baseline,station_boundary,2960.0828823233815,0.994317394129453,30.0,-26.8,31.3,-26.0
GRDC__1537170,GRDC,7.83,15.83,4360.0,continent_pub_baseline,station_boundary,4324.071174634124,0.991759443723423,14.700000000000001,6.4,16.1,8.0
GRDC__1813550,GRDC,12.62,-12.77,760.0,continent_pub_baseline,station_boundary,798.3246856286926,1.0504272179324903,-13.0,12.100000000000001,-12.4,12.8
GRDC__1547340,GRDC,-9.483,30.233,383.0,continent_pub_baseline,station_boundary,733.8276218800308,1.915999012741595,29.700000000000003,-9.600000000000001,30.400000000000002,-9.1
GRDC__1491870,GRDC,-17.25,30.95,378.0,continent_pub_baseline,station_boundary,386.49591419828374,1.0224759634875231,30.5,-17.5,31.1,-17.0
GRDC__1304100,GRDC,35.519,-5.235,110.0,continent_pub_baseline,station_boundary,109.44507919081164,0.9949552653710149,-5.5,35.2,-5.1000000000000005,35.7
GRDC__1547202,GRDC,-9.867,29.55,286.655,continent_pub_baseline,station_boundary,105.02567305622145,0.3663835378982451,29.400000000000002,-10.100000000000001,29.900000000000002,-9.700000000000001
GRDC__1993200,GRDC,-10.954,33.759,601.0,continent_pub_baseline,station_boundary,592.2939670311514,0.9855140882381886,33.5,-11.100000000000001,34.0,-10.4
GRDC__1591720,GRDC,-14.3,28.55,1448.0,continent_pub_baseline,station_boundary,1436.0700693236727,0.9917610975992215,28.0,-14.600000000000001,28.8,-13.8
GRDC__1494400,GRDC,-18.4,32.783,95.0,continent_pub_baseline,station_boundary,88.96881369063365,0.9365138283224596,32.6,-18.6,33.0,-18.1
GRDC__1495190,GRDC,-19.883,29.95,628.0,continent_pub_baseline,station_boundary,605.6952430426282,0.9644828710869876,29.6,-20.0,30.1,-19.3
GRDC__1286661,GRDC,-8.899,34.112,788.0,continent_pub_baseline,station_boundary,803.4485710721762,1.0196047856245891,33.7,-9.4,34.5,-8.700000000000001
GRDC__1992880,GRDC,-15.033,34.933,771.0,continent_pub_baseline,station_boundary,673.8450064362627,0.8739883351961902,34.4,-15.200000000000001,35.1,-14.600000000000001
GRDC__1597001,GRDC,-25.944,31.749,8090.0,continent_pub_baseline,station_boundary,8001.822529298987,0.9891004362545102,29.700000000000003,-26.5,31.900000000000002,-25.5
GRDC__1259152,GRDC,-29.59,28.713,7952.0,continent_pub_baseline,station_boundary,7841.914865573274,0.9861562959724942,28.1,-29.8,29.6,-28.5
GRDC__1813800,GRDC,12.63,-12.08,1010.0,continent_pub_baseline,station_boundary,1076.750116428932,1.0660892241870614,-12.3,12.3,-11.600000000000001,12.9
GRDC__1531300,GRDC,7.983,-0.883,6355.0,continent_pub_baseline,station_boundary,6428.801391198289,1.011613122139778,-2.1,7.0,-0.7000000000000001,8.3
GRDC__1591500,GRDC,-12.867,28.367,339.0,continent_pub_baseline,station_boundary,178.9181810556297,0.5277822450018576,28.200000000000003,-13.0,28.700000000000003,-12.600000000000001
GRDC__1491890,GRDC,-17.367,31.433,1028.0,continent_pub_baseline,station_boundary,996.287711269452,0.9691514701064707,30.900000000000002,-17.8,31.6,-17.2
GRDC__1599230,GRDC,-26.393,30.843,1454.0,continent_pub_baseline,station_boundary,1444.0426718386207,0.9931517688023526,30.0,-26.6,31.0,-26.0
GRDC__1993325,GRDC,-11.7,33.9,294.0,continent_pub_baseline,station_boundary,283.31839815065723,0.9636680209206028,33.6,-12.0,34.1,-11.4
GRDC__1495295,GRDC,-20.1,30.9,229.0,continent_pub_baseline,station_boundary,210.22901692760777,0.9180306416052741,30.700000000000003,-20.3,31.1,-19.700000000000003
GRDC__1491790,GRDC,-18.0,31.15,491.0,continent_pub_baseline,station_boundary,489.8468441877644,0.9976514138243675,31.0,-18.400000000000002,31.700000000000003,-17.8
GRDC__1491610,GRDC,-18.817,30.317,2662.0,continent_pub_baseline,station_boundary,2601.1424363980796,0.977138405859534,30.1,-19.200000000000003,31.3,-18.5
GRDC__1495802,GRDC,-18.883,32.433,2222.0,continent_pub_baseline,station_boundary,2230.386327673077,1.0037742248753723,32.1,-19.0,33.0,-18.2
GRDC__1290231,GRDC,-9.233,32.833,72.0,continent_pub_baseline,station_boundary,84.82388419470597,1.1781095027042496,32.6,-9.5,33.0,-9.0
GRDC__1491555,GRDC,-18.45,29.983,1984.0,continent_pub_baseline,station_boundary,1943.2129397455458,0.979442005920134,29.8,-18.8,30.900000000000002,-18.1
GRDC__1495310,GRDC,-20.1,31.083,411.0,continent_pub_baseline,station_boundary,369.78920123121173,0.8997304166209531,30.900000000000002,-20.3,31.400000000000002,-19.6
GRDC__1547200,GRDC,-8.9,29.967,707.0,continent_pub_baseline,station_boundary,469.8134381846857,0.6645168856926248,29.8,-9.4,30.200000000000003,-8.700000000000001
GRDC__1591235,GRDC,-13.433,24.333,5020.51,continent_pub_baseline,station_boundary,5002.215469135912,0.9963560413455828,23.6,-13.600000000000001,24.6,-11.9
GRDC__1547800,GRDC,-11.833,31.383,324.0,continent_pub_baseline,station_boundary,279.91042834850856,0.8639210751497178,31.200000000000003,-12.0,31.8,-11.4
GRDC__1286400,GRDC,-7.883,35.8,2843.0,continent_pub_baseline,station_boundary,2567.1408274824125,0.9029689861000396,34.9,-8.8,36.1,-7.6000000000000005
GRDC__1547201,GRDC,-10.717,29.083,1220.0,continent_pub_baseline,station_boundary,1378.2417273430585,1.1297063338877529,28.900000000000002,-11.100000000000001,29.6,-10.200000000000001
GRDC__1749400,GRDC,5.05,21.2,4450.0,continent_pub_baseline,station_boundary,4644.864021273586,1.0437896677019296,20.8,4.9,21.8,5.9
GRDC__1259200,GRDC,-30.4,27.697,208.0,continent_pub_baseline,station_boundary,206.67228020328827,0.9936167317465782,27.5,-30.700000000000003,28.1,-30.200000000000003
GRDC__1491510,GRDC,-19.067,30.35,1622.0,continent_pub_baseline,station_boundary,1561.2831040141439,0.9625666485907175,30.200000000000003,-19.5,31.200000000000003,-18.7
GRDC__1553200,GRDC,-8.95,31.183,444.0,continent_pub_baseline,station_boundary,453.6879852672439,1.0218197866379368,31.0,-9.3,31.6,-8.8
GRDC__1491780,GRDC,-17.926,31.15,170.0,continent_pub_baseline,station_boundary,161.68779272578266,0.9511046630928391,31.0,-18.1,31.5,-17.7
GRDC__1749200,GRDC,5.733,19.083,3380.0,continent_pub_baseline,station_boundary,2573.3374883699753,0.761342452180466,18.400000000000002,5.5,19.3,6.5
GRDC__1290100,GRDC,-8.266,35.165,1119.0,continent_pub_baseline,station_boundary,1118.3840769216165,0.9994495772311139,35.0,-8.4,35.7,-7.800000000000001
GRDC__1292180,GRDC,-8.917,33.967,162.0,continent_pub_baseline,station_boundary,166.8018459274331,1.0296410242434142,33.7,-9.200000000000001,34.1,-8.700000000000001
GRDC__1434820,GRDC,9.883,-6.367,4870.11,continent_pub_baseline,station_boundary,4758.42546617646,0.9770673488230164,-7.2,9.1,-6.1000000000000005,10.100000000000001
GRDC__1495800,GRDC,-18.917,32.417,2498.0,continent_pub_baseline,station_boundary,2502.5912222037064,1.0018379592488817,32.1,-19.1,33.0,-18.2
GRDC__1309520,GRDC,33.119,-6.277,1627.0,continent_pub_baseline,station_boundary,1688.8517143021315,1.038015804733947,-6.6000000000000005,32.7,-5.4,33.300000000000004
GRDC__1993651,GRDC,-14.179,34.124,616.0,continent_pub_baseline,station_boundary,642.9686173459851,1.0437802229642614,33.9,-14.600000000000001,34.5,-14.0
GRDC__1931070,GRDC,11.47,-4.47,4580.0,continent_pub_baseline,station_boundary,4444.37861480525,0.9703883438439411,-5.5,10.600000000000001,-4.3,11.9
GRDC__1259320,GRDC,-29.483,28.657,3236.0,continent_pub_baseline,station_boundary,3216.0117648914334,0.9938231659120622,28.1,-29.8,29.0,-28.5
GRDC__1547600,GRDC,-11.497,31.283,1215.0,continent_pub_baseline,station_boundary,1145.6623746948576,0.9429319956336276,31.1,-11.700000000000001,31.8,-11.0
GRDC__1617900,GRDC,11.092,-12.445,401.0,continent_pub_baseline,station_boundary,407.69873011216634,1.0167050626238563,-12.600000000000001,10.9,-12.100000000000001,11.5
GRDC__1309570,GRDC,33.33,-6.03,690.0,continent_pub_baseline,station_boundary,672.8747392851765,0.9751807815727195,-6.2,33.0,-5.300000000000001,33.5
GRDC__1993110,GRDC,-9.773,33.39,87.0,continent_pub_baseline,station_boundary,88.24557421646202,1.0143169450168048,33.2,-10.100000000000001,33.6,-9.600000000000001
GRDC__1591481,GRDC,-12.417,27.733,5163.0,continent_pub_baseline,station_boundary,4956.870626515827,0.9600756588254555,26.700000000000003,-12.700000000000001,27.900000000000002,-11.4
GRDC__1734300,GRDC,11.4,2.18,5670.0,continent_pub_baseline,station_boundary,5663.438508997385,0.998842770546276,1.4000000000000001,9.9,2.4000000000000004,11.600000000000001
GRDC__1259170,GRDC,-30.017,28.723,739.0,continent_pub_baseline,station_boundary,782.5162116164377,1.0588852660574257,28.5,-30.3,29.3,-29.6
GRDC__1259250,GRDC,-29.398,27.562,977.0,continent_pub_baseline,station_boundary,1001.886793751905,1.0254726650480093,27.400000000000002,-29.700000000000003,28.200000000000003,-29.1
GRDC__1496365,GRDC,-20.6,29.6,277.0,continent_pub_baseline,station_boundary,260.51084889076424,0.9404723786670189,29.3,-20.8,29.8,-20.200000000000003
GRDC__1992850,GRDC,-16.085,35.668,193.0,continent_pub_baseline,station_boundary,191.23487490970143,0.9908542741435308,35.4,-16.2,35.9,-15.700000000000001
GRDC__1737300,GRDC,7.34,20.11,4380.0,continent_pub_baseline,station_boundary,4409.040596273237,1.0066302731217436,20.0,7.2,21.3,8.200000000000001
GRDC__1531680,GRDC,8.47,-0.22,6810.0,continent_pub_baseline,station_boundary,6940.526713365137,1.0191669182621346,-0.7000000000000001,8.3,0.2,10.100000000000001
GRDC__1992870,GRDC,-16.102,35.476,327.0,continent_pub_baseline,station_boundary,322.1987213530327,0.9853171906820571,35.300000000000004,-16.3,35.800000000000004,-15.700000000000001
GRDC__1259510,GRDC,-28.74,28.667,81.0,continent_pub_baseline,station_boundary,75.9621843484748,0.9378047450428989,28.5,-28.900000000000002,29.0,-28.5
GRDC__1591441,GRDC,-12.917,27.35,2668.0,continent_pub_baseline,station_boundary,2620.752605989953,0.9822910817053796,26.8,-13.100000000000001,27.6,-12.200000000000001
GRDC__1591475,GRDC,-13.217,28.4,1371.0,continent_pub_baseline,station_boundary,1404.1590527280164,1.024186034083163,28.200000000000003,-13.5,29.0,-12.700000000000001
GRDC__1286403,GRDC,-8.333,35.333,743.0,continent_pub_baseline,station_boundary,811.0764298131232,1.0916237278776895,34.9,-8.8,35.5,-8.200000000000001
GRDC__1491585,GRDC,-18.117,30.217,5307.0,continent_pub_baseline,station_boundary,5240.047233986627,0.9873840651943899,30.0,-18.7,31.5,-17.7
GRDC__1286930,GRDC,-8.783,33.792,107.0,continent_pub_baseline,station_boundary,114.86193523766882,1.073476030258587,33.5,-9.200000000000001,33.9,-8.6
GRDC__1993260,GRDC,-11.05,33.825,457.0,continent_pub_baseline,station_boundary,452.6480137021368,0.9904770540528157,33.6,-11.200000000000001,34.1,-10.4
GRDC__1491690,GRDC,-17.617,30.617,578.0,continent_pub_baseline,station_boundary,597.9303043493496,1.0344814954140997,30.400000000000002,-17.900000000000002,31.3,-17.3
GRDC__1634500,GRDC,10.383,-9.3,9620.0,continent_pub_baseline,station_boundary,9557.969381155315,0.9935519107230057,-9.8,8.5,-8.700000000000001,10.700000000000001
GRDC__1577101,GRDC,8.383,38.783,7656.0,continent_pub_baseline,station_boundary,7650.012987317118,0.9992179972984742,37.800000000000004,8.1,39.2,9.5
GRDC__1599201,GRDC,-26.382,31.09,514.0,continent_pub_baseline,station_boundary,582.9580474671102,1.1341596254223933,30.6,-26.6,31.3,-26.0
GRDC__1897550,GRDC,-25.17,32.068,6345.0,continent_pub_baseline,station_boundary,6352.965932647251,1.0012554661382587,30.5,-25.400000000000002,32.2,-24.400000000000002
GRDC__1293340,GRDC,-10.558,35.017,369.0,continent_pub_baseline,station_boundary,373.1925356630259,1.011361885265653,34.6,-10.9,35.1,-10.4
GRDC__1599170,GRDC,-26.779,30.81,893.0,continent_pub_baseline,station_boundary,896.6047552928736,1.0040366800592089,30.1,-27.200000000000003,31.0,-26.6
GRDC__1286402,GRDC,-8.05,35.683,1825.0,continent_pub_baseline,station_boundary,1659.5723761571055,0.9093547266614277,34.9,-8.8,35.9,-7.9
GRDC__1259260,GRDC,-29.117,28.0,360.0,continent_pub_baseline,station_boundary,373.8698827357279,1.0385274520436887,27.8,-29.400000000000002,28.400000000000002,-28.900000000000002
GRDC__1599140,GRDC,-25.767,31.484,742.0,continent_pub_baseline,station_boundary,738.6171333257756,0.9954408804929591,30.900000000000002,-26.1,31.6,-25.6
GRDC__1289320,GRDC,-6.831,36.933,499.0,continent_pub_baseline,station_boundary,479.56570791257496,0.9610535228708917,36.5,-7.2,37.1,-6.6000000000000005
GRDC__1491260,GRDC,-18.717,28.8,4201.0,continent_pub_baseline,station_boundary,4205.15165501914,1.0009882539917019,28.6,-19.700000000000003,30.1,-18.3
GRDC__1599003,GRDC,-25.823,31.38,740.0,continent_pub_baseline,station_boundary,545.5807267694286,0.7372712523911197,30.900000000000002,-26.1,31.6,-25.6
GRDC__1599151,GRDC,-27.073,31.048,2404.0,continent_pub_baseline,station_boundary,2389.2279813927175,0.993855233524425,29.900000000000002,-27.5,31.200000000000003,-26.700000000000003
GRDC__1495720,GRDC,-18.917,31.95,3383.0,continent_pub_baseline,station_boundary,3330.11619511143,0.9843677786318149,31.5,-19.1,32.6,-17.900000000000002
GRDC__1591520,GRDC,-13.25,28.217,4880.0,continent_pub_baseline,station_boundary,4808.976444590057,0.9854459927438642,28.1,-13.9,29.1,-12.700000000000001
GRDC__1496181,GRDC,-21.083,28.833,4090.0,continent_pub_baseline,station_boundary,4029.420558532631,0.9851884006192252,28.1,-21.200000000000003,29.200000000000003,-20.200000000000003
GRDC__1309675,GRDC,35.0,-5.5,667.0,continent_pub_baseline,station_boundary,663.8344382000398,0.9952540302849172,-5.800000000000001,34.800000000000004,-5.1000000000000005,35.4
GRDC__1491620,GRDC,-18.667,30.517,1054.0,continent_pub_baseline,station_boundary,1089.6638202687639,1.0338366416212181,30.400000000000002,-19.0,31.3,-18.400000000000002
GRDCCaravan__1159580,GRDCCaravan,-26.669,28.031,3493.851,continent_pub_baseline,station_boundary,3487.5114940866943,0.9981855248225222,27.900000000000002,-26.900000000000002,29.1,-25.900000000000002
GRDCCaravan__1159653,GRDCCaravan,-30.16,27.402,2986.024,continent_pub_baseline,station_boundary,2982.543035211497,0.9988342475517602,27.1,-30.3,28.200000000000003,-29.200000000000003
GRDCCaravan__1159660,GRDCCaravan,-30.831,26.923,8586.883,continent_pub_baseline,station_boundary,8579.001315233323,0.9990821250543792,26.400000000000002,-31.6,28.3,-30.5
GRDCCaravan__1159670,GRDCCaravan,-28.694,28.236,512.603,continent_pub_baseline,station_boundary,518.489837601628,1.011484204348449,28.0,-28.8,28.8,-28.3
GRDCCaravan__1159673,GRDCCaravan,-28.885,27.89,3908.222,continent_pub_baseline,station_boundary,3902.829914460716,0.9986203226072408,27.700000000000003,-29.3,28.900000000000002,-28.200000000000003
GRDCCaravan__1160095,GRDCCaravan,-33.09,19.219,157.968,continent_pub_baseline,station_boundary,157.89155013100222,0.999516042052835,19.0,-33.4,19.400000000000002,-32.9
GRDCCaravan__1160101,GRDCCaravan,-34.065,19.073,39.314,continent_pub_baseline,station_boundary,39.30249394633333,0.9997073293568024,18.8,-34.2,19.200000000000003,-33.9
GRDCCaravan__1160113,GRDCCaravan,-34.331,18.99,465.122,continent_pub_baseline,station_boundary,465.0094003230675,0.999757913672257,18.7,-34.5,19.3,-33.9
GRDCCaravan__1160115,GRDCCaravan,-34.407,19.598,603.293,continent_pub_baseline,station_boundary,598.4907730538541,0.9920399756898458,19.1,-34.6,19.900000000000002,-34.0
GRDCCaravan__1160210,GRDCCaravan,-33.99,18.96,21.0,continent_pub_baseline,station_boundary,20.99434776365861,0.9997308458885052,18.8,-34.2,19.200000000000003,-33.800000000000004
GRDCCaravan__1160220,GRDCCaravan,-32.783,19.275,289.576,continent_pub_baseline,station_boundary,280.5113728073679,0.9686968975583883,19.0,-33.1,19.5,-32.6
GRDCCaravan__1160230,GRDCCaravan,-32.21,18.935,190.788,continent_pub_baseline,station_boundary,190.6626341818325,0.9993429051189407,18.8,-32.5,19.3,-32.0
GRDCCaravan__1160240,GRDCCaravan,-33.186,19.155,22.642,continent_pub_baseline,station_boundary,19.16269542034829,0.8463340438277666,19.0,-33.300000000000004,19.3,-33.0
GRDCCaravan__1160250,GRDCCaravan,-33.465,18.74,235.384,continent_pub_baseline,station_boundary,235.28683681182713,0.9995872141344659,18.6,-33.7,19.0,-33.2
GRDCCaravan__1160255,GRDCCaravan,-33.706,18.702,471.042,continent_pub_baseline,station_boundary,470.88165148965953,0.9996595876581272,18.5,-34.0,19.1,-33.4
GRDCCaravan__1160256,GRDCCaravan,-33.723,18.615,1312.706,continent_pub_baseline,station_boundary,1312.219115000955,0.9996290982146461,18.400000000000002,-34.0,19.1,-33.2
GRDCCaravan__1160263,GRDCCaravan,-33.706,18.977,635.722,continent_pub_baseline,station_boundary,635.5181541785549,0.999679347542723,18.7,-34.2,19.400000000000002,-33.6
GRDCCaravan__1160265,GRDCCaravan,-33.315,19.076,399.388,continent_pub_baseline,station_boundary,394.83496792131837,0.988599977769283,18.900000000000002,-33.6,19.400000000000002,-33.0
GRDCCaravan__1160266,GRDCCaravan,-33.131,18.86,2973.24,continent_pub_baseline,station_boundary,2972.0324184509072,0.9995938499585999,18.6,-34.2,19.400000000000002,-32.800000000000004
GRDCCaravan__1160270,GRDCCaravan,-33.356,19.102,33.333,continent_pub_baseline,station_boundary,33.31915814164113,0.999584740096635,18.900000000000002,-33.6,19.3,-33.2
GRDCCaravan__1160271,GRDCCaravan,-33.376,19.161,20.07,continent_pub_baseline,station_boundary,19.48151621594076,0.9706784362700928,19.0,-33.6,19.3,-33.2
GRDCCaravan__1160290,GRDCCaravan,-33.915,18.948,27.244,continent_pub_baseline,station_boundary,27.23661399016457,0.9997288940744594,18.8,-34.1,19.200000000000003,-33.800000000000004
GRDCCaravan__1160295,GRDCCaravan,-33.893,19.086,50.592,continent_pub_baseline,station_boundary,46.13111261520841,0.9118262297439993,18.900000000000002,-34.1,19.3,-33.7
GRDCCaravan__1160300,GRDCCaravan,-33.383,19.308,636.151,continent_pub_baseline,station_boundary,656.9736236578758,1.0327322029799149,19.1,-33.6,19.700000000000003,-33.0
GRDCCaravan__1160301,GRDCCaravan,-33.42,19.273,740.931,continent_pub_baseline,station_boundary,755.8675695783644,1.0201591910425727,19.1,-33.7,19.700000000000003,-33.0
GRDCCaravan__1160303,GRDCCaravan,-33.898,20.01,6692.84,continent_pub_baseline,station_boundary,6690.427701057776,0.9996395702060376,18.900000000000002,-34.2,20.6,-33.1
GRDCCaravan__1160304,GRDCCaravan,-33.819,19.694,4315.886,continent_pub_baseline,station_boundary,4314.2592016833405,0.9996230673570479,18.900000000000002,-34.1,20.1,-33.1
GRDCCaravan__1160305,GRDCCaravan,-34.069,20.406,9838.51,continent_pub_baseline,station_boundary,9835.236837740455,0.9996673111823289,18.8,-34.4,20.6,-33.1
GRDCCaravan__1160317,GRDCCaravan,-33.563,19.148,80.251,continent_pub_baseline,station_boundary,85.64591559527777,1.0672255248567342,18.900000000000002,-33.800000000000004,19.3,-33.4
GRDCCaravan__1160320,GRDCCaravan,-32.502,19.535,6868.491,continent_pub_baseline,station_boundary,6864.920911553058,0.9994802223010932,19.0,-33.5,20.700000000000003,-32.2
GRDCCaravan__1160332,GRDCCaravan,-33.94,19.169,42.752,continent_pub_baseline,station_boundary,42.73952302973087,0.9997081546999174,19.0,-34.1,19.400000000000002,-33.7
GRDCCaravan__1160340,GRDCCaravan,-33.56,19.51,708.697,continent_pub_baseline,station_boundary,708.4073747919767,0.9995913271708173,19.200000000000003,-33.7,20.0,-33.1
GRDCCaravan__1160351,GRDCCaravan,-33.946,22.613,81.617,continent_pub_baseline,station_boundary,77.77211695567297,0.9528911495849267,22.400000000000002,-34.1,22.8,-33.7
GRDCCaravan__1160396,GRDCCaravan,-33.469,22.002,139.959,continent_pub_baseline,station_boundary,139.90222589018597,0.9995943518472264,21.8,-33.6,22.3,-33.2
GRDCCaravan__1160400,GRDCCaravan,-34.006,22.348,143.888,continent_pub_baseline,station_boundary,143.84396003359095,0.999693928844594,22.1,-34.2,22.5,-33.7
GRDCCaravan__1160403,GRDCCaravan,-34.027,22.223,135.339,continent_pub_baseline,station_boundary,135.30015619757836,0.9997129888471051,22.0,-34.2,22.400000000000002,-33.7
GRDCCaravan__1160405,GRDCCaravan,-33.951,22.421,35.63,continent_pub_baseline,station_boundary,34.03725536108947,0.9552976525705716,22.200000000000003,-34.1,22.6,-33.7
GRDCCaravan__1160417,GRDCCaravan,-34.031,22.052,218.665,continent_pub_baseline,station_boundary,218.59922533612578,0.9996991989395916,21.700000000000003,-34.2,22.200000000000003,-33.7
GRDCCaravan__1160419,GRDCCaravan,-34.04,22.135,197.123,continent_pub_baseline,station_boundary,197.06573118002513,0.9997094767227829,21.900000000000002,-34.2,22.3,-33.7
GRDCCaravan__1160420,GRDCCaravan,-33.963,22.551,48.641,continent_pub_baseline,station_boundary,46.9356667535813,0.9649404155667298,22.3,-34.1,22.700000000000003,-33.7
GRDCCaravan__1160427,GRDCCaravan,-33.883,22.838,23.354,continent_pub_baseline,station_boundary,22.94608664499176,0.982533469426726,22.6,-34.0,23.0,-33.7
GRDCCaravan__1160430,GRDCCaravan,-33.89,23.031,145.453,continent_pub_baseline,station_boundary,134.19058179302598,0.9225700521338576,22.8,-34.1,23.3,-33.7
GRDCCaravan__1160443,GRDCCaravan,-33.944,23.369,780.472,continent_pub_baseline,station_boundary,780.2219902296627,0.9996796684950423,22.700000000000003,-34.1,23.8,-33.6
GRDCCaravan__1160450,GRDCCaravan,-33.737,23.305,52.133,continent_pub_baseline,station_boundary,52.10316719878193,0.9994277559085786,23.1,-33.9,23.6,-33.6
GRDCCaravan__1160453,GRDCCaravan,-33.794,24.031,1620.912,continent_pub_baseline,station_boundary,1620.3503407142325,0.9996534918084587,23.0,-34.1,24.200000000000003,-33.4
GRDCCaravan__1160455,GRDCCaravan,-33.953,23.636,59.151,continent_pub_baseline,station_boundary,56.1538800961104,0.949331035757813,23.5,-34.1,23.900000000000002,-33.7
GRDCCaravan__1160456,GRDCCaravan,-33.981,24.023,26.179,continent_pub_baseline,station_boundary,26.170862885998794,0.999689173994377,23.8,-34.1,24.200000000000003,-33.800000000000004
GRDCCaravan__1160457,GRDCCaravan,-33.863,23.838,19.424,continent_pub_baseline,station_boundary,20.936972286076813,1.0778919010542016,23.6,-34.1,24.0,-33.7
GRDCCaravan__1160458,GRDCCaravan,-34.031,24.194,117.288,continent_pub_baseline,station_boundary,117.25421015693522,0.9997119070743402,23.900000000000002,-34.2,24.400000000000002,-33.800000000000004
GRDCCaravan__1160459,GRDCCaravan,-34.098,24.44,148.348,continent_pub_baseline,station_boundary,148.3064162999123,0.9997196881650734,24.1,-34.300000000000004,24.6,-33.800000000000004
GRDCCaravan__1160485,GRDCCaravan,-33.773,25.39,916.782,continent_pub_baseline,station_boundary,916.4607236394779,0.9996495607892366,24.700000000000003,-34.0,25.6,-33.4
GRDCCaravan__1160487,GRDCCaravan,-33.799,25.306,398.831,continent_pub_baseline,station_boundary,394.1721182613964,0.9883186569283641,24.700000000000003,-34.0,25.5,-33.4
GRDCCaravan__1160490,GRDCCaravan,-33.002,25.165,1774.456,continent_pub_baseline,station_boundary,1773.4377000188126,0.9994261339919461,24.900000000000002,-33.2,25.6,-32.1
GRDCCaravan__1160500,GRDCCaravan,-33.338,26.074,1452.69,continent_pub_baseline,station_boundary,1476.981933775353,1.0167220355171116,25.400000000000002,-33.5,26.700000000000003,-33.0
GRDCCaravan__1160550,GRDCCaravan,-32.181,26.819,471.131,continent_pub_baseline,station_boundary,470.8214153736847,0.9993428905626773,26.400000000000002,-32.6,27.0,-32.0
GRDCCaravan__1160602,GRDCCaravan,-32.752,27.09,487.189,continent_pub_baseline,station_boundary,486.91120983233105,0.9994298102632264,26.900000000000002,-33.0,27.400000000000002,-32.4
GRDCCaravan__1160625,GRDCCaravan,-32.706,26.578,231.884,continent_pub_baseline,station_boundary,228.12393250101232,0.9837847048567919,26.3,-32.9,26.8,-32.4
GRDCCaravan__1160630,GRDCCaravan,-32.713,26.291,1257.38,continent_pub_baseline,station_boundary,1248.515177938247,0.9929497669266625,25.900000000000002,-32.9,26.8,-32.2
GRDCCaravan__1160635,GRDCCaravan,-32.553,26.672,79.831,continent_pub_baseline,station_boundary,76.54691822243569,0.9588620739115843,26.400000000000002,-32.7,26.8,-32.300000000000004
GRDCCaravan__1160641,GRDCCaravan,-32.733,27.293,29.078,continent_pub_baseline,station_boundary,28.829174238353847,0.9914428171935431,27.1,-32.9,27.5,-32.5
GRDCCaravan__1160650,GRDCCaravan,-30.735,29.826,730.53,continent_pub_baseline,station_boundary,723.348390339016,0.990169315892593,29.400000000000002,-31.0,30.0,-30.400000000000002
GRDCCaravan__1160671,GRDCCaravan,-32.581,27.37,103.277,continent_pub_baseline,station_boundary,90.31116337578344,0.8744557198193541,27.1,-32.800000000000004,27.5,-32.4
GRDCCaravan__1160675,GRDCCaravan,-32.515,27.523,221.309,continent_pub_baseline,station_boundary,216.4003886707421,0.9778201007222576,27.200000000000003,-32.7,27.700000000000003,-32.2
GRDCCaravan__1160680,GRDCCaravan,-29.786,29.471,550.156,continent_pub_baseline,station_boundary,538.7480005116008,0.9792640642137882,29.0,-30.0,29.700000000000003,-29.5
GRDCCaravan__1160682,GRDCCaravan,-30.248,29.931,3633.198,continent_pub_baseline,station_boundary,3629.064749023825,0.998862365613937,29.0,-30.400000000000002,30.200000000000003,-29.5
GRDCCaravan__1160685,GRDCCaravan,-29.748,29.544,146.187,continent_pub_baseline,station_boundary,146.01467951243146,0.9988212324791633,29.1,-29.900000000000002,29.700000000000003,-29.5
GRDCCaravan__1160688,GRDCCaravan,-30.406,29.898,877.042,continent_pub_baseline,station_boundary,869.3133625255489,0.9911878365295491,29.400000000000002,-30.700000000000003,30.1,-30.1
GRDCCaravan__1160700,GRDCCaravan,-29.741,29.911,1854.742,continent_pub_baseline,station_boundary,1743.997069770073,0.9402909244358909,29.1,-30.0,30.1,-29.200000000000003
GRDCCaravan__1160701,GRDCCaravan,-30.169,30.698,4394.934,continent_pub_baseline,station_boundary,4389.783918407418,0.9988281777172121,29.1,-30.400000000000002,30.900000000000002,-29.200000000000003
GRDCCaravan__1160715,GRDCCaravan,-29.391,30.278,332.956,continent_pub_baseline,station_boundary,340.66369916218144,1.023149302496971,29.900000000000002,-29.6,30.5,-29.1
GRDCCaravan__1160717,GRDCCaravan,-29.428,30.496,442.951,continent_pub_baseline,station_boundary,433.59702616438665,0.9788825991235749,30.200000000000003,-29.6,30.8,-29.1
GRDCCaravan__1160720,GRDCCaravan,-29.516,30.095,294.556,continent_pub_baseline,station_boundary,293.8501279588366,0.9976036066447013,29.6,-29.700000000000003,30.3,-29.3
GRDCCaravan__1160721,GRDCCaravan,-29.485,30.24,960.098,continent_pub_baseline,station_boundary,958.9155932197623,0.9987684519911116,29.6,-29.8,30.400000000000002,-29.200000000000003
GRDCCaravan__1160725,GRDCCaravan,-29.64,30.69,3530.004,continent_pub_baseline,station_boundary,3525.659737271145,0.9987693320662371,29.6,-29.900000000000002,30.900000000000002,-29.1
GRDCCaravan__1160750,GRDCCaravan,-29.068,30.253,1520.862,continent_pub_baseline,station_boundary,1544.4593745830887,1.0155157894556432,29.400000000000002,-29.6,30.400000000000002,-28.900000000000002
GRDCCaravan__1160755,GRDCCaravan,-29.261,29.869,188.647,continent_pub_baseline,station_boundary,190.42613111587656,1.0094310066731862,29.400000000000002,-29.5,30.0,-29.1
GRDCCaravan__1160756,GRDCCaravan,-29.24,29.793,112.736,continent_pub_baseline,station_boundary,110.97540444733717,0.9843830227020398,29.400000000000002,-29.5,29.900000000000002,-29.1
GRDCCaravan__1160763,GRDCCaravan,-31.244,28.848,4297.036,continent_pub_baseline,station_boundary,4293.173119824553,0.9991010361152556,27.8,-31.6,29.1,-30.6
GRDCCaravan__1160765,GRDCCaravan,-31.078,28.353,324.463,continent_pub_baseline,station_boundary,307.4691391724765,0.9476246572720972,27.8,-31.3,28.5,-30.900000000000002
GRDCCaravan__1160770,GRDCCaravan,-31.033,28.876,2567.572,continent_pub_baseline,station_boundary,2569.4216100830736,1.000720373209816,28.0,-31.200000000000003,29.1,-30.3
GRDCCaravan__1160773,GRDCCaravan,-30.86,29.073,6945.802,continent_pub_baseline,station_boundary,6938.51620765678,0.9989510509595264,28.1,-31.0,29.5,-29.8
GRDCCaravan__1160774,GRDCCaravan,-30.777,29.031,3115.613,continent_pub_baseline,station_boundary,3112.3626165785363,0.9989567435296157,28.1,-31.0,29.200000000000003,-30.0
GRDCCaravan__1160775,GRDCCaravan,-30.572,29.159,2484.592,continent_pub_baseline,station_boundary,2480.6365260144257,0.9984079985826347,28.6,-30.700000000000003,29.5,-29.8
GRDCCaravan__1160780,GRDCCaravan,-31.498,29.528,102.92,continent_pub_baseline,station_boundary,107.37534280955565,1.0432893782506378,29.200000000000003,-31.700000000000003,29.700000000000003,-31.200000000000003
GRDCCaravan__1160785,GRDCCaravan,-30.563,29.416,1006.709,continent_pub_baseline,station_boundary,1020.9880726807231,1.014183912809683,29.1,-30.8,29.8,-30.0
GRDCCaravan__1160790,GRDCCaravan,-29.161,30.626,319.53,continent_pub_baseline,station_boundary,316.0127321648239,0.9889923705593338,30.200000000000003,-29.400000000000002,30.8,-28.900000000000002
GRDCCaravan__1160793,GRDCCaravan,-29.006,30.79,49.76,continent_pub_baseline,station_boundary,49.69441666340196,0.9986820069011648,30.6,-29.200000000000003,30.900000000000002,-28.8
GRDCCaravan__1160800,GRDCCaravan,-27.431,29.981,651.147,continent_pub_baseline,station_boundary,650.0788215143947,0.9983595432588872,29.8,-27.700000000000003,30.5,-27.1
GRDCCaravan__1160840,GRDCCaravan,-29.069,29.748,118.569,continent_pub_baseline,station_boundary,118.4128078613854,0.9986826899222006,29.400000000000002,-29.3,29.900000000000002,-28.900000000000002
GRDCCaravan__1160842,GRDCCaravan,-29.006,29.885,193.087,continent_pub_baseline,station_boundary,192.83141416516267,0.9986763177488007,29.400000000000002,-29.3,30.0,-28.8
GRDCCaravan__1160894,GRDCCaravan,-28.821,29.314,447.748,continent_pub_baseline,station_boundary,434.28624385647134,0.969934525350133,29.0,-29.200000000000003,29.5,-28.700000000000003
GRDCCaravan__1160913,GRDCCaravan,-27.94,31.21,240.45,continent_pub_baseline,station_boundary,240.07699292427606,0.9984487125151843,30.900000000000002,-28.1,31.400000000000002,-27.6
GRDCCaravan__1160919,GRDCCaravan,-28.448,32.327,9711.479,continent_pub_baseline,station_boundary,9696.95876936479,0.9985048383840186,30.5,-28.700000000000003,32.5,-27.5
GRDCCaravan__1160940,GRDCCaravan,-34.252,20.994,783.647,continent_pub_baseline,station_boundary,783.4351960836801,0.9997297202486325,20.6,-34.4,21.3,-33.800000000000004
GRDCCaravan__1160950,GRDCCaravan,-34.002,20.656,459.852,continent_pub_baseline,station_boundary,459.7130781293501,0.9996978987355717,20.3,-34.2,21.0,-33.7
GRDCCaravan__1160965,GRDCCaravan,-34.015,21.29,51.446,continent_pub_baseline,station_boundary,51.43276528542822,0.9997427455084598,21.1,-34.2,21.5,-33.800000000000004
GRDCCaravan__1160971,GRDCCaravan,-29.01,31.46,431.509,continent_pub_baseline,station_boundary,430.93008891976956,0.9986584032309165,31.0,-29.200000000000003,31.6,-28.700000000000003
GRDCCaravan__1160975,GRDCCaravan,-28.756,31.746,2403.389,continent_pub_baseline,station_boundary,2416.966122128145,1.0056491571394164,30.8,-29.0,32.0,-28.200000000000003
GRDCCaravan__1160979,GRDCCaravan,-28.802,31.956,2790.875,continent_pub_baseline,station_boundary,2786.9796512658677,0.9986042553915413,30.8,-29.0,32.1,-28.200000000000003
GRDCCaravan__1196104,GRDCCaravan,-25.577,29.127,4318.373,continent_pub_baseline,station_boundary,4310.1087537743215,0.998086259286616,28.3,-26.6,29.3,-25.3
GRDCCaravan__1196142,GRDCCaravan,-24.121,30.364,87.743,continent_pub_baseline,station_boundary,79.16278728047159,0.9022119973157015,30.0,-24.3,30.5,-24.0
GRDCCaravan__1196160,GRDCCaravan,-24.55,31.033,140.141,continent_pub_baseline,station_boundary,135.91084095452817,0.9698149788750485,30.700000000000003,-24.8,31.200000000000003,-24.400000000000002
GRDCCaravan__1196190,GRDCCaravan,-24.687,30.815,91.823,continent_pub_baseline,station_boundary,92.24281406035249,1.0045719924240386,30.700000000000003,-25.0,31.1,-24.5
GRDCCaravan__1196215,GRDCCaravan,-23.66,31.048,4716.688,continent_pub_baseline,station_boundary,4705.788879327675,0.9976892428177728,29.700000000000003,-24.200000000000003,31.200000000000003,-23.200000000000003
GRDCCaravan__1196310,GRDCCaravan,-22.906,30.527,106.746,continent_pub_baseline,station_boundary,106.48536641517045,0.9975583760999986,30.1,-23.1,30.700000000000003,-22.700000000000003
GRDCCaravan__1196340,GRDCCaravan,-22.769,30.89,2277.757,continent_pub_baseline,station_boundary,2272.21957194251,0.9975689118472734,29.700000000000003,-23.400000000000002,31.1,-22.6
GRDCCaravan__1196445,GRDCCaravan,-25.473,28.265,626.362,continent_pub_baseline,station_boundary,625.1297767312566,0.998032729845132,27.900000000000002,-26.0,28.5,-25.3
GRDCCaravan__1196700,GRDCCaravan,-24.682,30.801,512.425,continent_pub_baseline,station_boundary,513.9683136578559,1.003011784471593,30.5,-25.200000000000003,31.1,-24.5
GRDCCaravan__1196720,GRDCCaravan,-24.035,31.127,2268.848,continent_pub_baseline,station_boundary,2263.711506517881,0.9977360786257523,30.0,-24.3,31.3,-23.700000000000003
GRDCCaravan__1197501,GRDCCaravan,-25.47,31.096,5099.262,continent_pub_baseline,station_boundary,5094.700807019735,0.9991055189985797,29.900000000000002,-25.900000000000002,31.3,-25.0
GRDCCaravan__1197502,GRDCCaravan,-25.449,30.706,1523.945,continent_pub_baseline,station_boundary,1513.3280445478545,0.9930332423728249,29.900000000000002,-25.700000000000003,30.900000000000002,-25.0
GRDCCaravan__1197505,GRDCCaravan,-25.515,31.223,5386.152,continent_pub_baseline,station_boundary,5375.358940486258,0.9979961465042683,29.900000000000002,-25.900000000000002,31.400000000000002,-25.0
GRDCCaravan__1197540,GRDCCaravan,-25.381,30.701,256.196,continent_pub_baseline,station_boundary,250.9006621121584,0.9793309111467718,30.400000000000002,-25.5,30.900000000000002,-25.0
GRDCCaravan__1197550,GRDCCaravan,-25.484,30.696,1551.055,continent_pub_baseline,station_boundary,1561.8032169202443,1.006929616886728,29.900000000000002,-25.900000000000002,30.900000000000002,-25.3
GRDCCaravan__1197560,GRDCCaravan,-25.711,30.833,82.373,continent_pub_baseline,station_boundary,82.03414524944453,0.9958863371425652,30.6,-26.0,31.0,-25.5
GRDCCaravan__1197700,GRDCCaravan,-25.031,31.127,783.802,continent_pub_baseline,station_boundary,782.1755256026728,0.9979248912386964,30.5,-25.3,31.3,-24.700000000000003
GRDCCaravan__1197701,GRDCCaravan,-25.091,30.773,184.252,continent_pub_baseline,station_boundary,170.82082386565386,0.9271043129282388,30.5,-25.3,30.900000000000002,-24.900000000000002
GRDCCaravan__1197710,GRDCCaravan,-25.075,31.134,220.732,continent_pub_baseline,station_boundary,215.8691242531845,0.977969321408697,30.700000000000003,-25.400000000000002,31.3,-24.900000000000002
GRDCCaravan__1197730,GRDCCaravan,-24.996,30.815,47.686,continent_pub_baseline,station_boundary,52.99858519326974,1.111407649902901,30.6,-25.200000000000003,31.0,-24.700000000000003
GRDCCaravan__1197745,GRDCCaravan,-24.969,31.515,2482.846,continent_pub_baseline,station_boundary,2477.66683505085,0.9979140208659135,30.5,-25.400000000000002,31.700000000000003,-24.700000000000003
GRDCCaravan__1197750,GRDCCaravan,-25.148,31.944,5845.753,continent_pub_baseline,station_boundary,5833.485186762621,0.9979014143708469,30.5,-25.400000000000002,32.1,-24.400000000000002
GRDCCaravan__1199200,GRDCCaravan,-27.527,30.856,951.84,continent_pub_baseline,station_boundary,950.3044042598419,0.9983867081230479,30.200000000000003,-27.900000000000002,31.0,-27.3
GRDCCaravan__1199310,GRDCCaravan,-27.365,31.785,6889.496,continent_pub_baseline,station_boundary,6878.194547769084,0.9983596111775207,30.1,-27.900000000000002,32.0,-26.900000000000002
GRDCCaravan__1199450,GRDCCaravan,-26.752,30.465,472.51,continent_pub_baseline,station_boundary,471.6774266490806,0.9982379772895401,30.0,-27.0,30.6,-26.5
GRDCCaravan__1199460,GRDCCaravan,-27.109,30.838,170.915,continent_pub_baseline,station_boundary,182.994517818456,1.0706755862180382,30.5,-27.400000000000002,31.0,-27.0
GRDCCaravan__1320150,GRDCCaravan,8.277,-10.081,664.505,continent_pub_baseline,station_boundary,661.7242490780536,0.9958153047427086,-10.3,8.1,-9.5,8.700000000000001
