alpha,beta,tau,sharpness,val_corrected_kge,val_corrected_nse,val_negative_kge_stations,val_negative_nse_stations
0.8,0.2,0.2,0.05,0.740145647677264,0.7332593798846905,0,1
0.8,0.2,0.2,0.1,0.7400875173720469,0.7331680631644887,0,1
0.8,0.2,0.2,0.2,0.7399657437330225,0.7329284800525837,0,1
0.8,0.2,0.4,0.1,0.7399092281495427,0.7325414982769219,0,1
0.8,0.2,0.4,0.05,0.7398636371475122,0.7325655223686928,0,1
0.8,0.2,0.4,0.2,0.7398312027106151,0.7324798948028026,0,1
0.8,0.2,0.0,0.05,0.7397750423609388,0.7335831313542722,0,1
0.8,0.2,0.0,0.1,0.7397425159917089,0.7334947033392629,0,1
0.8,0.2,0.2,0.35,0.7396901077074147,0.7326147537793619,0,1
0.8,0.2,0.0,0.2,0.7396341784004881,0.7331948096063303,0,1
0.8,0.2,0.0,0.35,0.7395533210223966,0.7327807432902942,0,1
0.8,0.2,0.4,0.35,0.7395301416127951,0.7323616499047862,0,1
0.8,0.2,-0.2,0.05,0.7384227949223972,0.7336046649090704,0,1
0.8,0.2,-0.2,0.35,0.7383991796707737,0.7328349326128267,0,1
0.8,0.2,-0.2,0.1,0.7383516385739038,0.7335059944856299,0,1
0.8,0.2,-0.2,0.2,0.7382915574791313,0.7332265596138108,0,1
0.8,0.2,-0.4,0.35,0.7372771420159467,0.7327828675910857,0,1
0.8,0.2,-0.4,0.2,0.7369226507828229,0.7330461514027939,0,1
0.6,0.6,0.4,0.1,0.736916953693462,0.7299149568279815,0,0
0.8,0.2,-0.4,0.1,0.7367767610944966,0.7332054973677204,0,1
0.8,0.2,-0.4,0.05,0.7367544685417478,0.7332639067459397,0,1
0.6,0.6,0.4,0.05,0.7366963013729113,0.7298873228626643,0,0
0.6,0.6,0.4,0.2,0.7363548400336729,0.7300183710800592,0,0
0.6,0.6,0.2,0.2,0.7356057795375476,0.7302253985619727,0,0
0.6,0.6,0.2,0.1,0.7350322283074748,0.7301940921927109,0,0
0.6,0.6,0.2,0.05,0.7349069375498833,0.7301745782361566,0,0
0.6,0.6,0.4,0.35,0.7345514726610407,0.730221912366419,0,0
0.6,0.6,0.2,0.35,0.7336899048464773,0.730330948784739,0,0
0.6,0.6,0.0,0.1,0.7336134992716126,0.7304597521954226,0,0
0.6,0.6,0.0,0.05,0.7334643332688371,0.7304799032461997,0,0
0.6,0.6,0.0,0.2,0.7328199059611403,0.7304351516734306,0,0
0.6,0.8,0.4,0.35,0.7292479468954054,0.7257119656904689,0,0
0.6,0.6,0.0,0.35,0.7290565626725698,0.7304589506303949,0,0
0.6,0.4,0.0,0.05,0.7290403474657267,0.7348516540936343,0,1
0.6,0.4,0.2,0.05,0.7281023462301655,0.7346333581790515,0,1
0.6,0.4,0.2,0.1,0.7280439681569655,0.7346425858087013,0,1
0.6,0.8,0.4,0.2,0.7279134836007584,0.7254165998471165,0,0
0.6,0.4,0.0,0.1,0.7278076229437949,0.7348344248902815,0,1
0.6,0.4,0.2,0.2,0.7276802945148073,0.7346544429277271,0,1
0.6,0.8,0.4,0.1,0.7272176312984782,0.7252599755458674,0,0
0.6,0.8,0.4,0.05,0.7269343868247584,0.7252134182419843,0,0
0.6,0.8,0.2,0.35,0.7268656116616949,0.7258262672544463,0,0
0.4,0.8,0.4,0.05,0.7267878831482153,0.7258644315050558,0,0
0.8,0.4,0.4,0.05,0.7267348742106121,0.7338350971562696,0,1
0.8,0.4,0.4,0.1,0.7266544747371466,0.7338489416895337,0,1
0.4,0.8,0.4,0.1,0.7264509772301009,0.7259101671500425,0,0
0.8,0.4,0.4,0.2,0.7263566012665101,0.7339097158175691,0,1
0.6,0.4,0.4,0.1,0.7261142830870113,0.7344403087395145,0,1
0.6,0.4,0.4,0.05,0.7261072833783612,0.7344269505081562,0,1
0.8,0.4,0.4,0.35,0.7258093320114009,0.7340357365790103,0,1
0.6,0.4,0.4,0.2,0.7256455886604865,0.7344994744072566,0,1
0.6,0.6,-0.2,0.05,0.7254631681493844,0.7306498035243292,0,0
0.6,0.4,0.0,0.2,0.7254378346009951,0.734809574073393,0,1
0.6,0.4,0.2,0.35,0.7254125625164385,0.7347113470636621,0,1
0.8,0.4,-0.4,0.35,0.72538480224011,0.734396923827276,0,1
0.6,0.8,0.2,0.2,0.7253375995249814,0.725659719149127,0,0
0.8,0.4,-0.2,0.1,0.7253141751827812,0.7343695525615475,0,1
0.8,0.4,-0.2,0.05,0.7252675419201267,0.734375240728266,0,1
0.8,0.4,-0.2,0.2,0.7250392437605886,0.734340539893054,0,1
0.6,0.8,0.0,0.35,0.7248583987413667,0.7259675798542937,0,0
0.8,0.4,-0.4,0.2,0.7248361351674686,0.7344405763132301,0,1
0.8,0.4,-0.4,0.1,0.7246630390699207,0.7344629132065661,0,1
0.8,0.4,-0.4,0.05,0.724620286960604,0.734465046267111,0,1
0.6,0.8,0.2,0.1,0.7245957728621991,0.7256006900009272,0,0
0.6,0.4,0.4,0.35,0.7244512069221121,0.7346226440144787,0,1
0.6,0.8,0.2,0.05,0.7244410748033615,0.7255674180892013,0,0
0.4,0.8,0.2,0.05,0.7243776545328808,0.7262274003858968,0,0
0.8,0.4,0.2,0.05,0.7242316954765742,0.734036887551748,0,1
0.8,0.4,0.2,0.1,0.7242231344278056,0.7340465778326553,0,1
0.4,0.8,0.2,0.1,0.7241889025746426,0.7262598607502766,0,0
0.8,0.4,-0.2,0.35,0.7241813047139527,0.7343120185633065,0,1
0.8,0.4,0.0,0.05,0.7240593431228584,0.734252302453007,0,1
0.8,0.4,0.2,0.2,0.7240233906840157,0.7340599379768067,0,1
0.6,0.6,-0.2,0.1,0.723993206849987,0.7306457586359733,0,0
0.8,0.4,0.0,0.1,0.7239171797655546,0.7342352657198146,0,1
0.8,0.4,0.2,0.35,0.72363527887249,0.7341198427668358,0,1
0.4,0.2,-0.4,0.05,0.7235892807588666,0.7299164263422542,0,1
0.4,0.8,0.4,0.2,0.7235795513158241,0.7260639019288884,0,0
0.8,0.4,0.0,0.2,0.7235653036382943,0.7342115502477666,0,1
0.4,0.2,-0.4,0.1,0.7235247119021041,0.7302518074933753,0,1
0.4,0.2,-0.4,0.2,0.7233697255509153,0.7306828750203087,0,1
0.6,0.8,0.0,0.2,0.7232947372597569,0.7259096814511798,0,0
0.6,0.4,0.0,0.35,0.7231885512298843,0.7348118130095984,0,1
0.6,0.6,-0.2,0.2,0.723146515739783,0.7306124598944801,0,0
0.4,0.2,-0.4,0.35,0.7229733407403107,0.7308012704818057,0,1
0.4,0.2,-0.2,0.05,0.7229549927255183,0.7313975396616377,0,1
0.4,0.2,-0.2,0.1,0.7229529873792926,0.7314337112941746,0,1
0.6,0.6,-0.2,0.35,0.7228493182199326,0.730585778744115,0,0
0.4,0.2,-0.2,0.2,0.7227995330368335,0.7313713002577529,0,1
0.6,1.0,0.4,0.35,0.7226698674662391,0.7235763220527207,0,0
0.8,0.4,0.0,0.35,0.7226167191463309,0.7342165913769815,0,1
0.6,0.8,0.0,0.1,0.7225666336168812,0.7259262447900066,0,0
0.6,0.8,0.0,0.05,0.7223752356049755,0.7259458181397465,0,0
0.4,0.4,0.4,0.05,0.7223631827554147,0.7350018132256335,0,1
0.4,0.2,0.0,0.05,0.7223604945521742,0.7329789319111938,0,1
0.4,0.2,-0.2,0.35,0.7223530370632256,0.7311067763713199,0,1
0.4,0.2,0.0,0.1,0.7222869153858805,0.7325704773725683,0,1
0.4,0.4,0.4,0.1,0.7222804192567907,0.7350146812638741,0,1
0.8,0.8,0.2,0.35,0.7222455576695839,0.7318057038494001,0,0
0.4,0.2,0.0,0.2,0.7220993650643448,0.7319505875316106,0,1
0.8,0.8,0.4,0.2,0.7220960691992566,0.7326996281185992,0,0
0.4,0.4,0.4,0.2,0.721973835344806,0.7350722219748986,0,1
0.6,0.4,-0.2,0.05,0.7219187544166723,0.7349768320209439,0,1
0.4,0.2,0.0,0.35,0.721601097794818,0.7313184610066896,0,1
0.4,0.2,0.2,0.05,0.7214704256308319,0.7327866611931146,0,1
0.4,0.2,0.2,0.1,0.7214408940072271,0.732651516108566,0,1
0.8,0.8,0.0,0.35,0.721430608454483,0.7312922460526914,0,0
0.8,0.8,0.4,0.1,0.7214260480100652,0.7325729126483753,0,0
0.4,0.4,0.4,0.35,0.7214077759295563,0.7351925066343722,0,1
0.6,1.0,0.2,0.35,0.7213296997158516,0.7231904591817658,0,0
0.8,0.8,0.4,0.35,0.72126504196261,0.7319803374829906,0,0
0.4,0.2,0.2,0.2,0.7212552706720767,0.7321177729835896,0,1
0.8,0.8,0.4,0.05,0.721182084298808,0.7321518652784065,0,0
0.6,0.8,-0.2,0.1,0.7211192861138078,0.7261498519813557,0,0
0.6,1.0,0.4,0.2,0.7211159863822385,0.7246020709542886,0,0
0.6,0.4,-0.2,0.1,0.7210724311499994,0.7349709845103297,0,1
0.8,0.8,0.2,0.2,0.7210160289907572,0.7325627716836507,0,0
0.6,0.8,-0.2,0.35,0.7210048507397668,0.7261100062376229,0,0
0.6,0.8,-0.2,0.2,0.7209915760181524,0.7261202463355138,0,0
0.6,0.8,-0.2,0.05,0.7209467485771749,0.7261491945665269,0,0
0.8,0.8,-0.2,0.35,0.720853717304019,0.7304857691641807,0,0
0.4,0.2,0.2,0.35,0.7207024248637047,0.731353694125402,0,1
0.6,0.4,-0.2,0.2,0.7204957279718923,0.7349410914373098,0,1
0.4,0.2,0.4,0.1,0.7204877396044171,0.732161945131604,0,1
0.4,0.2,0.4,0.05,0.7204834473681438,0.7321774153010753,0,1
0.8,0.8,0.2,0.1,0.7204363488560246,0.7329438653212662,0,0
0.8,0.8,0.2,0.05,0.7203163166190554,0.7329896044888891,0,0
0.8,0.8,0.0,0.2,0.7203136908460378,0.731912436682797,0,0
0.6,1.0,0.4,0.1,0.7202774398483247,0.7244626447845124,0,0
0.4,0.2,0.4,0.2,0.7202506623755511,0.7318615829559538,0,1
0.6,0.4,-0.2,0.35,0.7201108179659671,0.7349101231973452,0,1
0.6,1.0,0.4,0.05,0.7199770837962081,0.7239228488012035,0,0
0.4,1.0,0.4,0.35,0.7199670323864853,0.7217745409960528,0,0
0.8,0.8,-0.2,0.2,0.7199102748835517,0.73053075665367,0,0
0.4,0.8,0.0,0.05,0.7198416772979925,0.7266114072590635,0,0
0.8,0.8,0.0,0.1,0.7198242682313705,0.7327324491409719,0,0
0.4,0.4,0.2,0.05,0.719810765914792,0.7352129190162613,0,1
0.4,0.4,0.2,0.1,0.7198011511525297,0.7352216784444066,0,1
0.6,1.0,0.2,0.2,0.7197874523346277,0.7242760017773804,0,0
0.8,0.8,0.0,0.05,0.7197214729086447,0.7333990582176944,0,0
0.4,0.2,0.4,0.35,0.7196424484836141,0.73117493231196,0,1
0.4,0.4,0.2,0.2,0.7195941558659452,0.7352320142050757,0,1
0.8,0.8,-0.4,0.35,0.7195568475926026,0.729517192103598,0,0
0.8,0.8,-0.2,0.1,0.7194672554262067,0.730405894567332,0,0
0.8,0.8,-0.2,0.05,0.7193319032298775,0.7301363304556581,0,0
0.4,0.8,0.2,0.2,0.7192952475021512,0.7263161577857509,0,0
0.4,0.4,0.2,0.35,0.719190291701328,0.7352858801659801,0,1
1.0,0.4,-0.2,0.1,0.7190959703024871,0.7363042033453081,0,1
1.0,0.4,-0.2,0.05,0.7190863140259078,0.7364890176315853,0,1
0.6,1.0,0.2,0.1,0.7190620801871886,0.7248157353522218,0,0
1.0,0.4,-0.4,0.35,0.7189250970360841,0.734892614025348,0,1
0.6,1.0,0.2,0.05,0.718913694533666,0.7248637400803872,0,0
0.6,1.0,0.0,0.2,0.7189040981128353,0.7231770940117549,0,0
1.0,0.4,-0.2,0.2,0.7188157667817983,0.7357741566315786,0,1
0.4,1.0,0.4,0.05,0.718476791905034,0.7210991423484527,0,0
0.6,0.2,-0.4,0.05,0.7183860190788434,0.7337123791503587,0,1
0.4,1.0,0.4,0.2,0.71833387304624,0.7213828589707202,0,0
0.6,0.2,-0.4,0.1,0.7183202751605835,0.73365469692295,0,1
0.6,1.0,0.0,0.1,0.7182932852773715,0.7243249977757819,0,0
1.0,0.4,-0.4,0.2,0.7181907075676963,0.7353811052061747,0,1
0.6,1.0,0.0,0.05,0.7181669882496271,0.7252045982904107,0,0
0.6,0.2,-0.4,0.2,0.7181668011273197,0.7334985025613521,0,1
1.0,0.4,-0.2,0.35,0.7179795130950415,0.7350321203179422,0,1
1.0,0.4,-0.4,0.1,0.717882072537753,0.7356780639310718,0,1
1.0,0.4,-0.4,0.05,0.7178290491699577,0.7357871221959658,0,1
1.0,0.4,0.0,0.05,0.7177987997329375,0.7364795079782618,0,1
0.6,0.2,-0.4,0.35,0.7177775981573692,0.733242153394797,0,1
0.6,0.2,-0.2,0.1,0.7177223847583165,0.7339609058463286,0,1
0.6,0.2,-0.2,0.05,0.7177212346651552,0.7340584842211935,0,1
1.0,0.4,0.0,0.1,0.717661385425439,0.7363178662412069,0,1
0.6,0.2,-0.2,0.2,0.7175749056724842,0.7336853553697857,0,1
0.4,1.0,0.2,0.05,0.7175486658628769,0.7215173126732666,0,0
0.4,1.0,0.4,0.1,0.7174911781430111,0.7211680412232423,0,0
1.0,0.6,-0.2,0.05,0.7174560790504126,0.7332055946604807,0,0
1.0,0.4,0.0,0.2,0.7173239606604056,0.735749996680505,0,1
0.4,0.4,0.0,0.05,0.7172650063072781,0.7354341556057532,0,1
0.8,0.8,-0.4,0.2,0.7172270562307738,0.728841168158165,0,0
0.4,0.4,0.0,0.1,0.7172045937857947,0.7354167294959506,0,1
0.6,1.0,0.0,0.35,0.7171534384300988,0.7222967040545336,0,0
0.6,0.2,-0.2,0.35,0.7171399684628803,0.733300850230977,0,1
0.6,0.2,0.2,0.05,0.7171149272098996,0.7337368752331337,0,1
0.6,0.2,0.0,0.05,0.7171081291628987,0.7340460684571258,0,1
0.6,0.2,0.4,0.05,0.7170592051104705,0.7330606102581015,0,1
0.6,0.2,0.0,0.1,0.7170370511719585,0.733959141343363,0,1
0.6,0.2,0.4,0.1,0.7170044704273861,0.7330362905795933,0,1
0.4,0.4,0.0,0.2,0.716994521450762,0.7353907265382137,0,1
0.6,0.2,0.2,0.1,0.716932379615418,0.7336463540028104,0,1
0.6,0.2,0.0,0.2,0.7168576169134298,0.7336630950834409,0,1
0.4,0.4,0.0,0.35,0.7168442429011835,0.7353901260010101,0,1
1.0,0.6,-0.2,0.1,0.7167769779790856,0.7333333808281499,0,0
0.4,0.8,0.4,0.35,0.7166733995103743,0.7263540472277581,0,0
0.6,0.4,-0.4,0.35,0.7166266626115805,0.7349971739714658,0,1
0.6,0.2,0.4,0.2,0.7164965134447744,0.7329748643330327,0,1
0.4,0.8,0.0,0.1,0.716474513220987,0.7265915164397787,0,0
1.0,0.4,0.0,0.35,0.716403185312088,0.7349619732361327,0,1
0.6,0.2,0.0,0.35,0.7163741587871216,0.7332552953432773,0,1
0.6,0.2,0.2,0.2,0.7161697929670376,0.7334091607155113,0,1
0.4,1.0,0.2,0.35,0.716092116023167,0.7218904166164251,0,0
1.0,0.4,0.2,0.05,0.7159622398305329,0.7358692298807039,0,1
0.6,0.6,-0.4,0.35,0.7159157608477106,0.7306982769805772,0,0
1.0,0.4,0.2,0.1,0.7159121114457732,0.7357068782464797,0,1
1.0,0.4,0.2,0.2,0.715577671671763,0.7352601823064558,0,1
1.0,0.6,-0.4,0.2,0.7155102167427627,0.7322822490021441,0,0
0.6,0.2,0.2,0.35,0.7154658991728358,0.7330996918836066,0,1
1.0,0.6,-0.2,0.2,0.7153282366044247,0.7337341271543901,0,0
1.0,0.6,-0.4,0.1,0.7152415739616964,0.731411066708187,0,0
0.6,0.2,0.4,0.35,0.7151887490887783,0.732858204552759,0,1
0.8,0.6,0.0,0.05,0.7151160281934792,0.733346676264141,0,0
0.4,1.0,0.2,0.2,0.7150927517107311,0.7216579218566386,0,0
0.4,0.6,0.4,0.05,0.7149638745700467,0.7305012040162153,0,0
0.4,1.0,0.2,0.1,0.7149574595833199,0.7215666533147571,0,0
0.4,0.6,0.4,0.1,0.7147374182172739,0.7305281632017862,0,0
0.6,0.4,-0.4,0.2,0.7146521605419404,0.7350428822080997,0,1
1.0,0.4,0.2,0.35,0.714557483938798,0.7346685021229838,0,1
0.4,0.4,-0.2,0.05,0.7144643833447898,0.7355616159419374,0,1
0.4,0.4,-0.2,0.35,0.7144470364625601,0.7354913707076052,0,1
1.0,0.6,-0.4,0.05,0.7144122651521064,0.7310069309589502,0,0
0.4,0.6,0.2,0.05,0.714397433211136,0.7307953445260258,0,0
0.4,0.4,-0.2,0.1,0.714323796102525,0.7355556066478235,0,1
0.4,0.4,-0.2,0.2,0.7142106406583575,0.7355248200636129,0,1
0.8,0.6,0.0,0.1,0.7141278196284829,0.7328321514608112,0,0
1.0,0.6,-0.4,0.35,0.7140800550444701,0.7334334397436026,0,0
1.2,0.4,-0.4,0.05,0.7140114879271944,0.7332092929822359,0,1
1.0,0.6,0.0,0.05,0.7139980909561593,0.7355448963193791,0,0
1.0,0.4,0.4,0.1,0.7139871777296354,0.7344995699436796,0,1
1.0,0.4,0.4,0.05,0.7139771832369888,0.7345304085508334,0,1
0.8,0.6,0.4,0.35,0.7138829634748176,0.7319559200693215,0,0
1.2,0.4,-0.4,0.1,0.7138738677223047,0.733207531444581,0,1
1.0,0.6,0.0,0.1,0.713789007613798,0.7354171726755789,0,0
0.4,0.6,0.2,0.1,0.7135911690720131,0.7308142037543719,0,0
1.2,0.4,-0.4,0.2,0.7135714903622015,0.7331866258289137,0,1
1.0,0.4,0.4,0.2,0.713545778909513,0.7344037746344794,0,1
0.6,0.4,-0.4,0.1,0.7133764179017695,0.7350659499796737,0,1
0.6,0.4,-0.4,0.05,0.7133242646062512,0.7350682719775145,0,1
1.2,0.6,0.4,0.35,0.7129208297782326,0.7312101563639924,0,0
1.0,0.8,0.4,0.35,0.7128701896667999,0.7342054882732518,0,0
1.2,0.4,-0.4,0.35,0.7128244465236638,0.7331469960287622,0,1
0.4,0.6,0.4,0.2,0.7127914906386159,0.7306292773248169,0,0
1.0,0.6,0.0,0.2,0.7127564721417992,0.7354119531001254,0,0
1.0,0.6,-0.2,0.35,0.7127478695575264,0.7345965117080852,0,0
1.2,0.6,0.4,0.2,0.7126234128866638,0.7309810343849782,0,0
1.2,0.4,-0.2,0.1,0.7125689233718746,0.7331172789091831,0,1
1.2,0.4,-0.2,0.05,0.7125555165934536,0.7331226556371997,0,1
1.0,0.4,0.4,0.35,0.7124165375511966,0.7341982317340076,0,1
1.2,0.4,-0.2,0.2,0.7122980383276103,0.7330899882555055,0,1
0.8,1.0,0.4,0.35,0.712222637953847,0.7311397433624376,0,0
1.0,0.6,0.4,0.05,0.7122135941697122,0.7365510477163074,0,0
0.8,0.6,-0.2,0.05,0.7121607581324072,0.7311046030671897,0,0
0.6,1.0,-0.2,0.35,0.7121311469860431,0.7214906766041633,0,0
1.2,0.6,0.4,0.1,0.7121285594337081,0.7307178296439933,0,0
0.4,0.4,-0.4,0.35,0.7121097381134089,0.735580608253803,0,1
1.0,0.6,0.4,0.1,0.7121036496504145,0.7365286896026194,0,0
0.4,1.0,0.0,0.2,0.7120955616295495,0.7219425349347028,0,0
0.8,0.6,0.4,0.2,0.7120456054782347,0.7325956581255217,0,0
0.8,0.6,0.2,0.05,0.7120249073643599,0.7329509526397255,0,0
0.4,0.8,0.2,0.35,0.7120069022498161,0.7264771621514943,0,0
1.2,0.6,0.4,0.05,0.7119403958208341,0.7305384001966406,0,0
0.8,0.8,-0.4,0.1,0.7119075233013237,0.7276946788084036,0,0
0.8,0.6,0.0,0.2,0.7118720867275996,0.7321942919228183,0,0
0.8,0.6,0.2,0.1,0.7118522557023508,0.7329014095232054,0,0
0.6,0.6,-0.4,0.2,0.7117730592722091,0.7307486085576538,0,0
1.0,0.6,0.4,0.2,0.7116844749951148,0.7364249281001678,0,0
1.0,0.8,0.2,0.35,0.711677206729133,0.7320585342970207,0,0
1.0,0.8,0.4,0.2,0.7116671486476716,0.7338158026176311,0,0
0.4,1.0,0.0,0.1,0.7115973852295538,0.7219461879778586,0,0
0.8,0.6,0.4,0.1,0.7115035128318004,0.7325538774852831,0,0
0.8,0.6,0.2,0.35,0.7114964123130604,0.7319363514955488,0,0
1.2,0.4,-0.2,0.35,0.7114818309356994,0.7330662596467868,0,1
0.8,0.6,-0.2,0.1,0.7114693917529074,0.7312641602985339,0,0
0.8,0.6,0.4,0.05,0.711425575493333,0.7322607642860468,0,0
0.4,1.0,0.0,0.05,0.7113671443272752,0.7219622462027813,0,0
0.4,0.4,-0.4,0.2,0.711362795558029,0.7354221931479286,0,1
1.2,0.4,0.0,0.05,0.7112530618218975,0.7337475091276348,0,1
0.4,0.6,0.0,0.05,0.711204477767797,0.731104976367351,0,0
1.2,0.4,0.0,0.1,0.7111200741830725,0.7336447576563722,0,1
1.2,0.6,-0.4,0.35,0.711110350287634,0.7287230677129399,0,0
0.4,0.4,-0.4,0.1,0.7110518190384433,0.7343986930461857,0,1
1.0,0.8,0.4,0.1,0.7110070081993555,0.7334037400967127,0,0
0.4,0.4,-0.4,0.05,0.711000135206055,0.7336221035413558,0,1
1.0,0.6,0.4,0.35,0.7109124329900527,0.7361656619061612,0,0
1.2,0.4,0.0,0.2,0.7107956827876254,0.7336118662051709,0,1
1.0,0.8,0.4,0.05,0.7107599193053373,0.7331388858661867,0,0
1.0,0.8,0.0,0.35,0.710755114564754,0.7299996298401923,0,0
0.8,1.0,0.2,0.35,0.7107454375910873,0.7307271630750144,0,0
0.8,1.0,0.4,0.2,0.7107078600163134,0.7318597406696409,0,0
1.2,0.6,-0.2,0.2,0.7106812558137952,0.728635990664291,0,0
1.2,0.6,0.2,0.05,0.7104834921396567,0.7292560886792243,0,0
1.2,0.6,0.2,0.1,0.7104833543597311,0.7291966322553909,0,0
1.0,0.8,0.2,0.2,0.7104634408097279,0.7315426721532516,0,0
0.8,0.6,-0.2,0.2,0.710428265094424,0.7313026227548578,0,0
0.8,0.6,0.2,0.2,0.7104150532817373,0.7325799543143303,0,0
0.4,0.6,0.2,0.2,0.7103869092542079,0.7308433464123519,0,0
1.2,0.6,-0.2,0.1,0.7103853266613557,0.7286655806531326,0,0
1.2,0.6,-0.4,0.2,0.7102998561879497,0.7287646487162032,0,0
0.6,1.0,-0.2,0.2,0.7102887678115002,0.7214730528906782,0,0
1.2,0.6,-0.2,0.05,0.7102828248782855,0.7286689832137708,0,0
1.2,0.6,0.2,0.2,0.7102169881634324,0.729196716244064,0,0
1.0,0.8,-0.2,0.35,0.71007747287482,0.7280997284203587,0,0
1.0,0.6,0.0,0.35,0.7100689273629288,0.7359589977840219,0,0
0.4,0.8,0.0,0.2,0.7100358299019722,0.7265728868235578,0,0
1.2,0.4,0.0,0.35,0.7099005513484344,0.7339524227367376,0,1
1.0,0.8,0.2,0.1,0.7098953048858804,0.7314768816944153,0,0
0.8,1.0,0.4,0.1,0.7098824921483531,0.731606651262446,0,0
1.0,0.8,0.2,0.05,0.7097812012489166,0.7315251624416119,0,0
1.2,0.6,0.2,0.35,0.7096916098544861,0.729529413624664,0,0
1.0,0.8,0.0,0.2,0.7096375440539571,0.7292401719719219,0,0
1.0,0.8,-0.4,0.35,0.7096046445972343,0.7264594754863727,0,0
0.6,0.8,-0.4,0.35,0.7095864172131212,0.7262366495512333,0,0
0.8,1.0,0.0,0.35,0.7095863742665749,0.729884179013134,0,0
0.8,1.0,0.4,0.05,0.7095785586303005,0.7310403146726396,0,0
0.8,0.6,0.0,0.35,0.7095685525238339,0.7316670066149221,0,0
0.6,1.0,-0.2,0.1,0.7094786918501699,0.7214922905863466,0,0
1.2,0.4,0.2,0.05,0.7094172519690224,0.7348390047139988,0,1
1.2,0.4,0.2,0.1,0.7093705988860732,0.73479235706096,0,1
1.2,0.6,-0.4,0.1,0.7092641929204457,0.7287864510308302,0,0
0.6,1.0,-0.2,0.05,0.7092641343645772,0.7214842100767807,0,0
0.8,1.0,0.2,0.2,0.7092237808213007,0.7315372596565973,0,0
1.0,0.8,0.0,0.1,0.709155623480284,0.7292188254914995,0,0
1.0,0.8,-0.2,0.2,0.7091146419930734,0.7269038801435653,0,0
1.0,0.8,0.0,0.05,0.7090581196881249,0.729369505605135,0,0
1.2,0.4,0.2,0.2,0.7090488083686102,0.734781534016311,0,1
0.4,0.6,0.0,0.1,0.7090245937384654,0.7310845590749329,0,0
1.2,0.6,-0.4,0.05,0.7088554152291543,0.7287853417949751,0,0
1.0,0.8,-0.4,0.2,0.7088406504998728,0.7248916858789344,0,0
0.8,1.0,-0.2,0.35,0.7087117153836517,0.7286569498319466,0,0
1.0,0.8,-0.2,0.1,0.7086665603334991,0.7263294426151033,0,0
1.0,0.8,-0.2,0.05,0.7085311128224423,0.7261350345146216,0,0
0.8,1.0,0.2,0.1,0.7085136715606211,0.7319496479121534,0,0
1.0,0.8,-0.4,0.1,0.7084842420350677,0.724909803941693,0,0
0.8,0.6,-0.2,0.35,0.7084696928776921,0.7311883907382651,0,0
1.0,0.6,0.2,0.05,0.7084595032197014,0.7370912389326676,0,0
1.0,0.6,0.2,0.1,0.708458666296537,0.7370445044948204,0,0
0.8,1.0,0.2,0.05,0.7083731305360955,0.7319795982400286,0,0
1.0,0.8,-0.4,0.05,0.7083679539430099,0.7249038464994062,0,0
1.0,0.6,0.2,0.2,0.7081870179679485,0.7370775930873743,0,0
0.8,1.0,0.0,0.2,0.7081869378059873,0.7305476148463392,0,0
0.8,1.0,-0.4,0.35,0.7080754775171965,0.727213966727233,0,0
1.2,0.4,0.2,0.35,0.7080574021606041,0.7342177502094445,0,1
0.4,0.6,0.4,0.35,0.7080151344685692,0.7308287004318887,0,0
1.0,0.6,0.2,0.35,0.7076500693358317,0.7367842889497545,0,0
1.2,0.6,-0.2,0.35,0.7075938301336764,0.7286197185226269,0,0
0.8,1.0,0.0,0.1,0.7075861284913978,0.7308301692208129,0,0
0.8,1.0,-0.2,0.2,0.7074995832882682,0.7281582555590156,0,0
0.8,0.8,-0.4,0.05,0.7074864517589272,0.7268043779099589,0,0
0.8,1.0,0.0,0.05,0.7074667418185492,0.7309722980441922,0,0
1.2,0.4,0.4,0.1,0.70745570227872,0.7340285968480447,0,1
1.2,0.4,0.4,0.05,0.7074448368612315,0.7340586798734073,0,1
0.8,0.6,-0.4,0.35,0.7071937898805598,0.7305955405744773,0,0
0.8,1.0,-0.4,0.2,0.7070964011362091,0.7257136007062885,0,0
1.2,0.4,0.4,0.2,0.707026591475826,0.7339327132454216,0,1
0.8,1.0,-0.2,0.1,0.7069386471246415,0.7273951413858968,0,0
1.2,0.6,0.0,0.05,0.7067802708426096,0.728508735986287,0,0
0.8,0.6,-0.4,0.2,0.7067724577109249,0.7302145849761035,0,0
0.8,1.0,-0.2,0.05,0.7067711272822229,0.7271118176838876,0,0
1.2,0.6,0.0,0.1,0.7067060450810555,0.72848934659223,0,0
1.0,0.2,-0.4,0.05,0.7065658656924607,0.7380392122704647,0,1
1.0,0.2,-0.4,0.1,0.7064988292304522,0.7380369309845016,0,1
1.2,0.6,0.0,0.2,0.7064358927386372,0.7284695153701326,0,0
1.0,0.2,-0.4,0.2,0.7063485298175696,0.7380227924741614,0,1
1.2,0.6,0.0,0.35,0.7062752076115577,0.7285052254203535,0,0
1.0,0.2,-0.4,0.35,0.7059727151774804,0.7379957457981284,0,1
1.2,0.4,0.4,0.35,0.7059272634785368,0.733724284881276,0,1
1.0,0.2,-0.2,0.1,0.7058653164672033,0.7379860344524862,0,1
1.0,0.2,-0.2,0.05,0.7058594085065016,0.737990425523199,0,1
1.0,0.2,-0.2,0.2,0.7057281255421073,0.7379680065051484,0,1
0.6,0.6,-0.4,0.1,0.7057233874039754,0.7307735051012743,0,0
0.8,0.6,-0.4,0.1,0.7057017356347945,0.7301268716042644,0,0
0.8,0.6,-0.4,0.05,0.7056404728257526,0.7301262843391673,0,0
0.4,0.6,0.2,0.35,0.7054396425500109,0.7309445422281218,0,0
1.0,0.2,-0.2,0.35,0.7053141438558248,0.7379482011859104,0,1
1.0,0.2,0.0,0.05,0.7052220593890726,0.737923982921761,0,1
1.0,0.2,0.0,0.1,0.705155575934824,0.7379136044498975,0,1
1.0,0.2,0.0,0.2,0.7049903026764438,0.7378979710657715,0,1
0.4,0.6,0.0,0.2,0.704826654886552,0.7310583210400828,0,0
0.4,1.0,0.0,0.35,0.7046372745072431,0.7220400808923053,0,0
1.0,0.2,0.0,0.35,0.7045336235991067,0.7378949034340856,0,1
0.4,0.8,0.0,0.35,0.7044887725832438,0.7266255839190394,0,0
1.0,0.2,0.2,0.05,0.7043133461336881,0.7378101799943961,0,1
1.0,0.2,0.2,0.1,0.7042898956516837,0.7378133151278061,0,1
1.0,0.2,0.2,0.2,0.704125463110042,0.7378161199271176,0,1
1.0,0.2,0.2,0.35,0.7036183770284534,0.7378406736418424,0,1
1.0,0.2,0.4,0.1,0.7033352396031052,0.7377085693769891,0,1
1.0,0.2,0.4,0.05,0.7033288360973686,0.7377040045627532,0,1
1.0,0.2,0.4,0.2,0.7031172177828809,0.737734746666037,0,1
0.6,0.8,-0.4,0.2,0.7025734584367769,0.7262803863525706,0,0
1.0,0.2,0.4,0.35,0.7025549972432819,0.7377927690114825,0,1
1.2,0.8,0.4,0.35,0.702344028484948,0.7262168254050094,0,0
1.0,1.0,0.4,0.35,0.701707102729912,0.7292766183429612,0,0
1.2,0.8,0.4,0.2,0.7011709853640408,0.7258955864491421,0,0
1.2,0.8,0.2,0.35,0.701054514642521,0.7239175992602664,0,0
0.4,0.6,0.0,0.35,0.7010235500987232,0.7310780427232115,0,0
0.6,0.6,-0.4,0.05,0.7007593717094842,0.7307731832173069,0,0
1.2,0.8,0.4,0.1,0.7005211442581561,0.7255263680584814,0,0
1.2,0.8,0.4,0.05,0.7002717425143792,0.7252750585061205,0,0
1.0,1.0,0.4,0.2,0.7002308418280195,0.7287701199675665,0,0
1.2,0.2,-0.4,0.05,0.7001861291119085,0.7374475879130318,0,1
1.2,0.2,-0.4,0.1,0.7001188622031261,0.737445405021561,0,1
1.0,1.0,0.2,0.35,0.7001085244329049,0.7265183338385556,0,0
1.2,0.8,0.0,0.35,0.7000369635118219,0.7239009717736457,0,0
1.2,0.2,-0.4,0.2,0.6999701535706131,0.7374316386711242,0,1
1.2,0.8,0.2,0.2,0.6998575726317472,0.7235975065097191,0,0
1.2,0.2,-0.4,0.35,0.6996004494115315,0.7374056318969884,0,1
1.2,0.2,-0.2,0.1,0.6994743318266685,0.7373952988031502,0,1
1.2,0.2,-0.2,0.05,0.6994667050064403,0.737399605380121,0,1
1.0,1.0,0.4,0.1,0.6994190974268402,0.7282322637816729,0,0
1.2,0.2,-0.2,0.2,0.6993414902851967,0.7373777202106948,0,1
1.2,0.8,0.2,0.1,0.699301151139334,0.7235304785351044,0,0
1.2,0.8,-0.2,0.35,0.6992690855205176,0.7240274833561111,0,0
1.2,0.8,0.2,0.05,0.6991926867464917,0.7234995446361208,0,0
1.0,1.0,0.4,0.05,0.6991125581712738,0.7278861099119878,0,0
1.2,0.2,-0.2,0.35,0.6989368263316565,0.7373591557530558,0,1
1.2,0.8,0.0,0.2,0.6989211628309658,0.7238278812565537,0,0
1.0,1.0,0.0,0.35,0.6988309362171,0.7238562198541477,0,0
1.2,0.2,0.0,0.05,0.6988224367769936,0.7373342668320331,0,1
1.2,0.2,0.0,0.1,0.6987580225802663,0.7373239898143676,0,1
1.2,0.8,-0.4,0.35,0.6987153358306768,0.7241423462200905,0,0
1.0,1.0,0.2,0.2,0.6986086940966675,0.7258489164217603,0,0
1.2,0.2,0.0,0.2,0.6985988170335743,0.7373089376454438,0,1
1.2,0.8,0.0,0.1,0.6984471684784944,0.723838427930809,0,0
1.2,0.8,0.0,0.05,0.6983547236188015,0.7238570949162049,0,0
1.2,0.8,-0.2,0.2,0.698290669566023,0.7240244266097697,0,0
0.4,0.8,-0.2,0.05,0.6982803159560758,0.7268191357130946,0,0
1.2,0.2,0.0,0.35,0.6981540119813867,0.7373072949649946,0,1
0.4,0.6,-0.2,0.05,0.6979500068006432,0.7312782195334759,0,0
1.2,0.2,0.2,0.05,0.6979141358476464,0.7372218794971477,0,1
1.0,1.0,0.2,0.1,0.6979139725496668,0.7257412471433591,0,0
1.2,0.2,0.2,0.1,0.6978922951680262,0.7372252563373951,0,1
1.0,1.0,-0.2,0.35,0.6978456360056675,0.72138023984389,0,0
1.2,0.8,-0.2,0.1,0.6978390188315349,0.7240493387800686,0,0
1.0,1.0,0.2,0.05,0.6977808671437848,0.7257849653994417,0,0
1.2,0.2,0.2,0.2,0.6977336930686363,0.737228834026715,0,1
1.2,0.8,-0.2,0.05,0.6977038257061499,0.7240479071961454,0,0
0.6,1.0,-0.4,0.35,0.6976961690499575,0.7216206998193122,0,0
1.0,1.0,0.0,0.2,0.697434551321318,0.7228715916842575,0,0
1.2,0.2,0.2,0.35,0.6972398886723609,0.7372549187607729,0,1
1.0,1.0,-0.4,0.35,0.6971113970940539,0.7201632922030119,0,0
1.2,0.2,0.4,0.1,0.6969423642560579,0.7371228106744481,0,1
1.2,0.2,0.4,0.05,0.6969356666237381,0.7371179863718973,0,1
1.0,1.0,0.0,0.1,0.6968442008398718,0.7228114645681591,0,0
1.2,0.8,-0.4,0.2,0.6967735948022111,0.7241748897468752,0,0
1.0,1.0,0.0,0.05,0.6967313991985261,0.7229764857885033,0,0
1.2,0.2,0.4,0.2,0.6967298831160966,0.7371498217805372,0,1
1.0,1.0,-0.2,0.2,0.6966153465198511,0.7200145315072126,0,0
0.4,0.6,-0.2,0.1,0.696431236920266,0.7312739538627713,0,0
1.2,0.2,0.4,0.35,0.6961814334718264,0.7372093062668048,0,1
1.0,1.0,-0.4,0.2,0.6960944137195533,0.7201808710517379,0,0
1.0,1.0,-0.2,0.1,0.6960506889637514,0.7200300329223854,0,0
0.4,0.8,-0.2,0.1,0.6960226843355433,0.7268195269636473,0,0
1.0,1.0,-0.2,0.05,0.6958838218449543,0.7200213689555247,0,0
1.0,1.0,-0.4,0.1,0.6956209505386352,0.7201887392997969,0,0
0.4,0.6,-0.2,0.2,0.6954874757905335,0.7312393815957889,0,0
1.0,1.0,-0.4,0.05,0.6954684373703517,0.7201755054069205,0,0
1.2,0.8,-0.4,0.1,0.6953665119268986,0.7241917151899522,0,0
0.4,0.6,-0.2,0.35,0.6950609377836637,0.7312091325285017,0,0
1.2,0.8,-0.4,0.05,0.6948138923458592,0.7241854343312264,0,0
0.4,0.8,-0.2,0.2,0.694795924832228,0.7267883094333976,0,0
0.4,0.8,-0.2,0.35,0.694579584682542,0.7267735107344091,0,0
0.4,1.0,-0.2,0.05,0.6941807832498033,0.7221936419785833,0,0
0.8,1.0,-0.4,0.1,0.6931136487975613,0.724177567913541,0,0
0.6,0.8,-0.4,0.1,0.6927507041173137,0.7263011450553716,0,0
1.2,1.0,0.4,0.35,0.6911498204995145,0.7211084944092285,0,0
0.4,1.0,-0.2,0.1,0.6911276746273823,0.7222014238602121,0,0
0.4,0.6,-0.4,0.35,0.6904762461466651,0.7313248005255801,0,0
0.4,1.0,-0.2,0.35,0.6898765178589554,0.7221924415302149,0,0
1.2,1.0,0.4,0.2,0.6897113357749126,0.7206888666659967,0,0
0.4,1.0,-0.2,0.2,0.6896781450529906,0.7221802755489497,0,0
1.2,1.0,0.2,0.35,0.6894436971550766,0.7190546994612742,0,0
0.4,0.6,-0.4,0.2,0.689316379311147,0.7313781353684661,0,0
1.2,1.0,0.4,0.1,0.6889134971007754,0.7202059781948109,0,0
0.4,0.6,-0.4,0.1,0.6888251536502371,0.7314040926416943,0,0
0.4,0.6,-0.4,0.05,0.6887356207541615,0.7314040391156835,0,0
1.2,1.0,0.4,0.05,0.6886051809214113,0.7198776238185938,0,0
1.2,1.0,0.0,0.35,0.6880604218790254,0.7191707732109189,0,0
1.2,1.0,0.2,0.2,0.6879665959807981,0.718796251197168,0,0
1.2,1.0,0.2,0.1,0.687287277309172,0.7186922968431367,0,0
0.6,1.0,-0.4,0.2,0.6872657742750289,0.7216472900176198,0,0
1.2,1.0,0.2,0.05,0.6871612215396847,0.7186392618963101,0,0
1.2,1.0,-0.2,0.35,0.6869759377041605,0.7192972331765988,0,0
1.2,1.0,0.0,0.2,0.686669516267385,0.7190488549828169,0,0
1.2,1.0,0.0,0.1,0.6860899531122353,0.7190429602725513,0,0
1.2,1.0,0.0,0.05,0.6859834285367765,0.7190576658688532,0,0
1.2,1.0,-0.2,0.2,0.6857314442447418,0.719263692930714,0,0
1.2,1.0,-0.4,0.35,0.6855030089365592,0.7194130393403035,0,0
1.2,1.0,-0.2,0.1,0.6851645782498768,0.7192773681052127,0,0
1.2,1.0,-0.2,0.05,0.6849986936277868,0.7192684192463621,0,0
0.6,0.8,-0.4,0.05,0.6848148626123329,0.7262958451728794,0,0
0.4,0.8,-0.4,0.35,0.6836007099731162,0.7269042372169633,0,0
1.2,1.0,-0.4,0.2,0.6829677136362022,0.7194262120843461,0,0
0.8,1.0,-0.4,0.05,0.6816162321641284,0.7232022618321559,0,0
1.2,1.0,-0.4,0.1,0.6811870619067175,0.7194325411026042,0,0
1.2,1.0,-0.4,0.05,0.6804918091637506,0.7194189303055027,0,0
0.4,0.8,-0.4,0.2,0.6769609579108438,0.7269518163560086,0,0
0.4,0.8,-0.4,0.05,0.6763408271076674,0.7269689578137227,0,0
0.4,0.8,-0.4,0.1,0.6763064842846731,0.7269739234663986,0,0
0.6,1.0,-0.4,0.1,0.6739883643094602,0.7216583027804621,0,0
0.4,1.0,-0.4,0.35,0.6737527859118349,0.722327394625091,0,0
0.4,1.0,-0.4,0.05,0.6674710991157851,0.722359131501988,0,0
0.4,1.0,-0.4,0.1,0.6674424729916857,0.7223712100655146,0,0
0.4,1.0,-0.4,0.2,0.667432399091259,0.7223585915532671,0,0
0.6,1.0,-0.4,0.05,0.6647535452570802,0.7216458349539768,0,0
