station_id,p_mean,pet_mean,aridity_index,p_seasonality,frac_snow,high_prec_freq,high_prec_dur,low_prec_freq,low_prec_dur,SNOW_PCT_PRECIP,DRAIN_SQKM,lat,lon,ELEV_MEAN_M_BASIN,ELEV_STD_M_BASIN,SLOPE_PCT,CLAYAVE,SILTAVE,SANDAVE,AWCAVE,PERMAVE,BDAVE,for_pc_use,crp_pc_use,urb_pc_use,BFI_AVE,WB5100_ANN_MM,selection_seed,selection_region,selection_note,train_samples,train_score_status,train_exclusion_reason,train_nse,train_kge,val_samples,val_score_status,val_exclusion_reason,val_nse,val_kge,test_samples,test_score_status,test_exclusion_reason,test_nse,test_kge
02070000,3.398133044412,4.51724543408165,1.32933154030268,0.148597788528471,0.0256164194460916,21.2289347204478,1.19201995012469,241.42361744844,4.17993079584775,8.389746,270.6084,36.56819358,-79.98726539,336.5751,66.97585,8.000258,38.21893,33.00571,28.77535,0.1379867,1.811454,1.388889,74.016217,0.09245833,4.582341453,52.79497,461.4467,42,S2 Cfa-SE,"Figure-inferred box lon=[-95.0, -75.0], lat=[28.0, 36.8]",98654,ok,,0.609923068759961,0.7639212099748334,34387,ok,,0.1932495467973122,0.6213709463821766,50711,ok,,0.4853737736644298,0.6739322916506282
02152474,3.57400479594816,4.58738110512868,1.28354083641112,0.0365941549612721,0.0196686091107233,21.1845227231247,1.1925,237.648597675975,4.26035031847134,5.322512,491.4288,35.415278,-81.561667,377.6073,105.9158,10.38621,30.18239,33.20781,36.60979,0.1388234,1.740488,1.373219,65.497263,0.1113488,4.304143302,56.88678,519.8705,42,S2 Cfa-SE,"Figure-inferred box lon=[-95.0, -75.0], lat=[28.0, 36.8]",0,excluded,no_valid_windows,,,4100,ok,,-14.424194652275588,-2.595052780574874,51576,ok,,0.27786635184432107,-0.09594542976765941
02191300,3.6141522324025,4.73434303686805,1.30994566150881,-0.0822606635323196,0.0123783860062814,21.0290807324938,1.19269521410579,237.559773681329,4.35763747454175,3.029707,1958.666,34.073333,-83.003333,244.4746,50.50548,5.292457,34.10371,29.95156,35.94472,0.133784,1.813745,1.3803105,50.8159231,0.0377706,8.460016500000002,61.76642,522.3213,42,S2 Cfa-SE,"Figure-inferred box lon=[-95.0, -75.0], lat=[28.0, 36.8]",48739,ok,,0.7266534909350938,0.7176034273690921,31030,ok,,0.7119648681538291,0.7886286642636416,50586,ok,,0.6230871534969264,0.7996025078494226
02207448,3.4514620739186,4.84742425016731,1.4044553138212,-0.0567886979234696,0.0081346785577998,21.8284966843098,1.17163289630513,245.887023179412,4.38014240506329,2.199738,211.9221,33.661389,-83.927778,270.389,29.82907,3.928706,24.97406,30.03814,44.9878,0.1241746,2.748345,1.3987175,40.86695,0.0,29.7342678,51.52356,468.434903,42,S2 Cfa-SE,"Figure-inferred box lon=[-95.0, -75.0], lat=[28.0, 36.8]",9547,ok,,0.7126861524419534,0.8539602858209081,28474,ok,,0.3292384000018336,0.5790791257783916,47856,ok,,-1.828849408044769,-0.500897902997538
02232500,3.6102277119304,5.84492575171868,1.61899088315218,0.6450350584922,0.0,17.0097949747521,1.21587301587302,211.223459268723,4.45944678856071,0.0,4094.564,28.54305529,-80.94339195,10.87821,6.404936,0.01689356,6.750226,4.743145,88.50663,0.1069782,10.70703,1.3774005,0.1199468,8.667735,8.010786,46.32477,231.7084,42,S2 Cfa-SE,"Figure-inferred box lon=[-95.0, -75.0], lat=[28.0, 36.8]",58860,ok,,0.7722172351479639,0.8281489882247759,31285,ok,,0.6306070842995251,0.6675088897903654,50709,ok,,0.12622030227822223,0.20238546271863167
02245500,3.53916973675245,5.68513490296283,1.60634706042088,0.496345969970131,8.62422650459269e-06,18.4087728904301,1.17923186344239,227.345014297013,4.4766069086139,0.0,348.4345,29.97940752,-81.85204256,35.76276,12.64813,0.8455909,4.457767,5.340614,90.20162,0.0882367,10.35587,1.4764325,49.2234167,0.1299255,7.02475812,41.46449,273.6056,42,S2 Cfa-SE,"Figure-inferred box lon=[-95.0, -75.0], lat=[28.0, 36.8]",92030,ok,,0.5813345936073896,0.6359585775069706,34895,ok,,0.18063348791021117,0.46966950699631704,49745,ok,,0.26144945292749766,0.6520459195943293
02246459,3.60699685125023,5.65474680294457,1.56771603528974,0.464188057685677,7.32337879965059e-05,18.8973048609844,1.18194444444444,230.276206120338,4.47948164146868,0.0,55.9404,30.282184,-81.740376,13.08698,7.851936,0.4266833,6.741241,6.362792,86.89597,0.08948597,8.590195,1.507047,11.1059268,0.1576678,72.099236,31.96058,314.35972,42,S2 Cfa-SE,"Figure-inferred box lon=[-95.0, -75.0], lat=[28.0, 36.8]",706,ok,,0.38170002666754965,0.4533784175272708,160,ok,,0.13762744322905984,0.4898855592755256,9,ok,,-1.5019247835377434,-1.0061235965617144
02294217,3.33486166678834,5.9784077660157,1.79270037661659,0.668207902086316,0.0,18.3865668917686,1.21764705882353,228.832816207337,4.83575786015955,0.0,151.0938,28.044187,-81.876192,41.88671,6.680372,0.3502548,11.17334,5.999242,82.82742,0.08135071,11.81722,1.466424,0.002978282,1.573129,38.42103,44.55217,207.7088,42,S2 Cfa-SE,"Figure-inferred box lon=[-95.0, -75.0], lat=[28.0, 36.8]",60208,ok,,0.6661525829767947,0.8285289188609087,32179,ok,,0.252212571079512,0.5631236975539743,48792,ok,,-0.19718567145881227,0.37560638881838326
02307000,3.5250682117783,5.94341601873821,1.68604283993129,0.688769940066728,0.0,19.4746608261848,1.22486033519553,239.247429579607,4.9902732746642,0.0,112.179,28.03696237,-82.57593042,15.29139,3.504605,0.08322937,3.738278,4.353398,91.90833,0.08449692,11.86547,1.465272,0.3224694,0.2005407,57.096328,35.34203,230.8743,42,S2 Cfa-SE,"Figure-inferred box lon=[-95.0, -75.0], lat=[28.0, 36.8]",78965,ok,,-0.1196033512114636,0.4823764723881635,32760,ok,,-2.141930898615776,-0.3118963290553418,49296,ok,,-0.5253653656000119,0.32373809387572616
02343225,3.28671378749163,5.21432596459207,1.58648616877941,-0.0275404036410922,0.0016089278711069,21.1401107258015,1.19597989949749,243.355539331995,4.54541683948569,0.0,762.0489,31.818495,-84.973816,130.1537,26.70988,4.659163,25.0073,21.23469,53.75801,0.1187904,2.893355,1.555522,68.015683,6.839561,1.873580952,56.24837,402.526875,42,S2 Cfa-SE,"Figure-inferred box lon=[-95.0, -75.0], lat=[28.0, 36.8]",0,excluded,no_valid_windows,,,2777,ok,,0.5939440453939754,0.24034208395173828,52164,ok,,-0.6349748770236345,-0.002109765091629079
02390000,4.22025896964166,4.53000499117844,1.07339502712154,-0.108186875177175,0.011944385564718,21.1623167244631,1.17076167076167,229.498996167184,3.96889400921659,5.386344,230.5512,34.425648,-84.211862,544.6215,122.1937,11.95979,18.73917,41.31447,39.94636,0.1396002,2.127029,1.43432,84.938794,0.01366291,5.138034660000001,68.19244,838.32445,42,S2 Cfa-SE,"Figure-inferred box lon=[-95.0, -75.0], lat=[28.0, 36.8]",0,excluded,no_valid_windows,,,26154,ok,,0.36659732117677746,0.5840240251866938,51792,ok,,0.6091462086492215,0.7037811952609871
02399200,3.7277463572428,4.70995606862566,1.26348619708915,-0.141032382615183,0.0101343872457969,21.917320678956,1.18345323741007,240.091257528746,4.21684867394696,5.086161,515.3337,34.28787022,-85.68163153,466.0772,78.01766,5.877288,25.94734,39.03816,35.0145,0.136364,1.961602,1.4734165,69.92209199999999,2.095904,3.673813575,39.25814,743.4075,42,S2 Cfa-SE,"Figure-inferred box lon=[-95.0, -75.0], lat=[28.0, 36.8]",76494,ok,,0.6976417949385763,0.5949387828284769,34151,ok,,0.569476991780973,0.5897857643067133,51422,ok,,0.602481631022199,0.5146655477188441
02413210,3.54151224937641,4.85403825807629,1.37061173766404,-0.130186368245864,0.0064520002866936,21.6064366976942,1.16248506571087,241.756707428363,4.2912889239259,2.005343,633.6342,33.49289,-85.279115,332.1925,24.58632,3.528217,34.64703,30.24555,35.10742,0.1352615,1.775196,1.3839285,45.650243200000006,0.0,15.354712,50.27942,553.132034,42,S2 Cfa-SE,"Figure-inferred box lon=[-95.0, -75.0], lat=[28.0, 36.8]",33088,ok,,0.5975182045736818,0.6523724432419962,4223,ok,,0.6119561863451601,0.5585690552834006,50379,ok,,0.5876240163254756,0.655745078067755
02423130,3.81419502603882,4.79199423252419,1.25635794703997,-0.0992785905095169,0.0063815849567531,21.8507026829713,1.1812725090036,241.00170347387,4.26444007858546,2.839612,51.7203,33.622325,-86.599431,295.9506,44.98235,8.829046,32.03099,39.35289,28.61613,0.1244408,2.018314,1.4619325,65.524563,0.9866532,17.3073238,38.61084,608.08886,42,S2 Cfa-SE,"Figure-inferred box lon=[-95.0, -75.0], lat=[28.0, 36.8]",72489,ok,,0.3319880871207279,0.547513861533112,32443,ok,,0.35607751194701265,0.4983253996066348,48671,ok,,0.21486921013804616,0.5419778972663924
02455000,3.79938138096976,4.72263692887996,1.24300154560281,-0.139008261488866,0.0072473121682585,22.1837926628947,1.18787158145065,239.513901563546,4.20179197506817,3.323613,784.944,34.02454235,-86.57415728,287.3967,40.76012,4.504757,27.2291,40.61417,32.15673,0.1403684,1.942703,1.47121,37.490942,7.178041,8.412447199999999,36.57576,591.7365,42,S2 Cfa-SE,"Figure-inferred box lon=[-95.0, -75.0], lat=[28.0, 36.8]",74891,ok,,0.7739414421428046,0.6962684309098541,30087,ok,,0.6931136596798746,0.602411349637766,49660,ok,,0.7423590958907,0.6656251263813535
02458450,3.6571649470098,4.97050562146377,1.3591144215488,-0.10223726220319,0.0045430708114661,21.2733467177709,1.1640340218712,242.089797408286,4.37655560016058,2.0,85.9473,33.5176059,-86.8791584,205.1397,30.82207,4.073077,38.97716,43.8341,17.18874,0.1448905,1.123082,1.432336,6.2787313000000005,0.2586469,91.75263,37.42915,555.6154,42,S2 Cfa-SE,"Figure-inferred box lon=[-95.0, -75.0], lat=[28.0, 36.8]",72323,ok,,0.37313884840054756,0.4825036451735336,34440,ok,,0.2275664112997453,0.43930330246613114,52272,ok,,0.2599677273248322,0.6002479769258899
02470072,3.8518139600292,5.22820876072276,1.35733678079383,-0.0928543373835145,0.0018563227524783,21.6064366976942,1.17512077294686,242.800389365456,4.46832856559052,0.0,27.567,31.864042,-87.747225,114.7913,11.51932,2.976424,33.62029,35.51778,30.86193,0.1307501,1.425223,1.4757065,57.02579,0.3721841,16.882136399999997,32.0,582.8547,42,S2 Cfa-SE,"Figure-inferred box lon=[-95.0, -75.0], lat=[28.0, 36.8]",59074,ok,,0.41685757025800363,0.7010009848167408,35063,ok,,-0.14415096342091505,0.4043660575908916,50855,ok,,-0.12876157181533943,0.3365141522100893
03164000,3.39341833619274,4.11494052740767,1.21262400321219,0.122617884024497,0.0476807128179266,18.2755368984608,1.22106824925816,221.327188659731,3.68602071005917,13.25774,2952.736,36.64734972,-80.978969,955.4955,155.4714,16.24605,21.37185,40.36759,38.26056,0.1348724,3.190368,1.392899,66.46891699999999,0.130608,5.97193986,58.54705,636.0641,42,S2 Cfa-SE,"Figure-inferred box lon=[-95.0, -75.0], lat=[28.0, 36.8]",97442,ok,,0.9284011351638312,0.9495596820013392,33471,ok,,0.8430708060459167,0.909503127490717,45613,ok,,0.8651500239296801,0.9256443185480935
03485500,3.22575959761514,4.0405889325911,1.25260076280278,0.103501051151408,0.034920385277875,18.8528928636613,1.132,222.45969459147,3.5225035161744,13.03476,355.3938,36.34455309,-82.210132,950.7064,225.3427,22.36295,14.88163,39.94775,45.17062,0.1275535,3.766274,1.4823525,84.513345,0.01190229,6.40748368,52.92883,693.3726,42,S2 Cfa-SE,"Figure-inferred box lon=[-95.0, -75.0], lat=[28.0, 36.8]",0,excluded,no_valid_windows,,,0,excluded,no_valid_windows,,,0,excluded,no_valid_windows,,
03601630,3.7056697082801,4.51436246273651,1.21823120194696,-0.0995011139168564,0.0172952157056545,21.2289347204478,1.16585365853659,240.757437488593,4.18287037037037,6.0,1.9845,35.87201,-87.103895,278.7383,10.49548,4.72449,36.04848,52.12772,11.8238,0.1316007,1.534244,1.456887,92.108836,1.133787,1.22449,33.0,578.0,42,S2 Cfa-SE,"Figure-inferred box lon=[-95.0, -75.0], lat=[28.0, 36.8]",0,excluded,no_valid_windows,,,8703,ok,,-3665.6059898069466,-120.62145658784928,25226,ok,,-305.5618631660826,-92.99820472768084
07025500,3.43628546237148,4.70230065827098,1.3684255018283,-0.10032840722333,0.0206743062561104,22.0505566709254,1.17099056603774,247.841151061629,4.36317435496482,7.953559,1102.019,36.39978596,-88.9953418,136.7709,22.11912,2.178413,19.24812,62.91279,17.83909,0.1688672,1.575489,1.459535,37.7986016778,34.39761,4.371293680000001,27.96936,541.3004,42,S2 Cfa-SE,"Figure-inferred box lon=[-95.0, -75.0], lat=[28.0, 36.8]",14955,ok,,0.7243221047770669,0.8168999970536057,0,excluded,no_valid_windows,,,0,excluded,no_valid_windows,,
07058000,3.31733625509521,4.75659127578025,1.43385864742365,0.105414102359101,0.0275890924555009,21.8284966843098,1.15105386416862,249.617630954554,4.51808681672026,7.98499,1474.571,36.62720833,-92.30606389,327.6668,53.21968,8.700255,34.2288,39.65641,26.11478,0.0969855,2.017617,1.37345,68.37114100000001,0.2023911,3.69443079271,40.65672,346.7277,42,S2 Cfa-SE,"Figure-inferred box lon=[-95.0, -75.0], lat=[28.0, 36.8]",63579,ok,,0.5216281475149275,0.5452628787792064,20387,ok,,0.3571483314701128,0.43008042318615036,49739,ok,,0.43614993832488913,0.39950433747480707
07071500,3.3677430379023,4.7713245236357,1.41677214381762,0.0217748448721817,0.0288214837075548,21.3399647137556,1.17052375152253,239.513901563546,4.08560606060606,9.048831,2023.769,36.64868056,-91.20081944,289.9379,52.69257,5.537727,43.52723,39.96974,16.50303,0.1115497,1.653511,1.355214,68.31718599999999,0.1225634,3.849584462,51.72841,403.7963,42,S2 Cfa-SE,"Figure-inferred box lon=[-95.0, -75.0], lat=[28.0, 36.8]",70054,ok,,0.664699378562055,0.7423671100306495,32843,ok,,0.1539362048064422,0.6015487710024049,51834,ok,,0.43974215965192076,0.6017117047717857
07076517,3.51735588252115,5.0625925599562,1.43931769461084,-0.0481998551014481,0.0197687249846094,22.1393806655716,1.18831942789035,246.930705116505,4.54434000817327,6.119737,3464.106,35.437778,-91.746111,302.8911,114.1642,11.00804,28.84007,38.56389,32.59604,0.1097201,1.795714,1.4269035,74.11327,0.06682243,4.08048055,28.1742,509.92191,42,S2 Cfa-SE,"Figure-inferred box lon=[-95.0, -75.0], lat=[28.0, 36.8]",58837,ok,,0.5360034365728947,0.6522583670205164,33893,ok,,0.04957120427567774,0.5407099605327659,50898,ok,,0.08005094500174503,0.49786342365162917
07281600,3.86394953245726,5.04432234367585,1.30548349591614,-0.149659558812554,0.0110068324202027,20.8958447405244,1.18067754077792,230.942386080185,4.10742496050553,3.221779,13773.65,33.651389,-90.211111,96.31259,35.78438,2.15364,27.47513,54.63097,17.89389,0.1743875,1.451622,1.46352,28.215313,29.51365,6.17080392,25.13706,578.76557,42,S2 Cfa-SE,"Figure-inferred box lon=[-95.0, -75.0], lat=[28.0, 36.8]",68716,ok,,0.8996097017453941,0.9206634003937801,33982,ok,,0.7910067290149083,0.8248033684980287,47930,ok,,0.4710042539463002,0.6617983393244999
07346045,3.42958036320496,5.94779426562025,1.73426298139344,-0.12817730666795,0.0078137058624075,23.0942386080185,1.21637426900585,255.790898582466,5.06552330694811,1.0,959.8869,32.77791731,-94.3574153,98.20232,18.38393,3.230881,23.85626,29.62306,46.52068,0.1221792,3.385237,1.546191,54.92925,0.3191626,5.5087425,30.41217,398.3674,42,S2 Cfa-SE,"Figure-inferred box lon=[-95.0, -75.0], lat=[28.0, 36.8]",0,excluded,no_valid_windows,,,8754,ok,,-0.627972782609888,0.18035410281720288,52200,ok,,0.09962003763365479,-0.2197441942216738
07369500,3.93008302634301,5.32886147411328,1.35591574997128,-0.192825755501672,0.0059814377559095,21.8062906856482,1.19610231425091,246.042465170043,4.5822994210091,1.0,720.9647,32.43208704,-91.36678139,25.52417,2.46093,0.08417242,46.06288,45.74794,8.189182,0.1809219,0.840416,1.46457,0.8675853,84.55199,4.16565711,28.96248,556.0099,42,S2 Cfa-SE,"Figure-inferred box lon=[-95.0, -75.0], lat=[28.0, 36.8]",58091,ok,,0.6330386206343934,0.7964378778141432,34559,ok,,0.5270629069298342,0.7258926223361706,52584,ok,,0.37411137739886446,0.6720945989314173
07375960,4.34631329573523,5.39110870110118,1.24038658381832,-0.0397361871080533,0.0011604068022428,20.0298107927237,1.19628647214854,227.078542313074,4.23612261806131,0.0,570.1554,30.686297,-90.643151,78.45736,22.96636,1.676301,22.6773,43.73341,33.58929,0.1534129,1.443984,1.5320735,34.52927059999999,3.217333,4.371071860000001,32.23145,660.49119,42,S2 Cfa-SE,"Figure-inferred box lon=[-95.0, -75.0], lat=[28.0, 36.8]",0,excluded,no_valid_windows,,,8106,ok,,-3.800755639082184,-1.8600124670037435,51243,ok,,-2.9596333058760926,-1.7871239136914485
07377000,4.33906415970067,5.45199775439558,1.25649161979013,-0.0656942378203524,0.0019498813633725,20.3851067713086,1.2,224.569264464318,4.23492462311558,0.0,1525.312,30.88906941,-90.84454541,106.8316,21.49159,1.76781,20.57313,53.89561,25.53127,0.1555571,1.465309,1.4961135,44.823815,2.031578,3.82932173,30.65568,630.5186,42,S2 Cfa-SE,"Figure-inferred box lon=[-95.0, -75.0], lat=[28.0, 36.8]",46157,ok,,0.7455930434363256,0.7753597928679682,31619,ok,,0.5003167274924489,0.5328548504808575,52317,ok,,0.5881901845806841,0.5738292612316984
08039100,3.62839947861532,5.93620525643365,1.63603960683487,-0.110162428875886,0.0054593877737351,22.2282046602178,1.20602409638554,256.679138528929,4.96094420600858,0.0,229.4883,31.39629597,-94.15102895,105.6981,21.68638,2.564833,35.23994,29.85339,34.90667,0.1375224,1.463584,1.492979,34.968054,0.03686462,6.62661164,19.16179,435.102,42,S2 Cfa-SE,"Figure-inferred box lon=[-95.0, -75.0], lat=[28.0, 36.8]",0,excluded,no_valid_windows,,,201,ok,,-13.126116924303284,-0.33337677412604716,871,ok,,-1.373824695360494,-0.03370116341015961
