station_id,STANAME,DRAIN_SQKM_x,HUC02,lat,lon,STATE,BOUND_SOURCE,HCDN_2009,HBN36,OLD_HCDN,NSIP_SENTINEL,FIPS_SITE,COUNTYNAME_SITE,NAWQA_SUID,p_mean,pet_mean,aridity_index,p_seasonality,frac_snow,high_prec_freq,high_prec_dur,low_prec_freq,low_prec_dur,DRAIN_SQKM_y,ELEV_MEAN_M_BASIN,ELEV_STD_M_BASIN,SLOPE_PCT,RRMEAN,RRMEDIAN,BAS_COMPACTNESS,STREAMS_KM_SQ_KM,STRAHLER_MAX,TOPWET,CLAYAVE,SANDAVE,AWCAVE,PERMAVE,BDAVE,for_pc_use,crp_pc_use,urb_pc_use,selection_seed,selection_region,selection_note,train_samples,train_score_status,train_exclusion_reason,train_nse,train_kge,val_samples,val_score_status,val_exclusion_reason,val_nse,val_kge,test_samples,test_score_status,test_exclusion_reason,test_nse,test_kge
10250800,DARWIN C NR DARWIN CA,452.5812,18,36.32049645,-117.52395474,CA,1,,,,,6027,Inyo,,0.449304097341364,7.49533221238669,16.6820918320983,-0.942444462586743,0.0450259450716271,17.2762669586908,1.59426229508197,338.152947618179,22.593471810089,452.5812,1624.509,269.9158,14.46464,0.427454791553871,0.42122360584732,2.14842956719868,0.802847754170964,4,10.42101,12.04676,56.25073,0.07014243,6.595017,1.500094,3.22012978,0.0,0.08908899,42,S1 Csb-CA,"Figure-inferred box lon=[-123.0, -117.0], lat=[33.8, 39.2], state=CA; requested 30, selected 30",0,excluded,no_valid_windows,,,0,excluded,no_valid_windows,,,0,excluded,no_valid_windows,,
10260500,DEEP C NR HESPERIA CA,349.2297,18,34.3411142,-117.22837605,CA,1,,,,,6071,San Bernardino,,1.52543538090892,6.69005158191884,4.38566698114252,-1.22884127674602,0.0936778915883883,17.8758289225528,1.58464566929134,318.434020806717,13.9494163424125,349.2297,1783.432,322.8949,18.85647,0.525878239903556,0.517179023508137,1.65918650436647,1.07305564217476,4,10.17521,11.92772,63.8946,0.0753985,7.949363,1.568128,30.9837089,0.01159695,10.09192512,42,S1 Csb-CA,"Figure-inferred box lon=[-123.0, -117.0], lat=[33.8, 39.2], state=CA; requested 30, selected 30",88974,ok,,-40.085390692546014,-31.145100217023902,28153,ok,,-63.21458183381701,-49.23392756450759,37840,ok,,-112.68583462039835,-57.51003061950134
10260865,GRASS VALLEY C BL GRASS VLY LK NR LK ARROWHEAD CA,6.7167,18,34.263611,-117.218056,CA,1,,,,,6071,San Bernardino,,1.90469134988136,6.80172969519986,3.5710403660013,-1.27276495282899,0.0113386760361255,17.8314169252297,1.57142857142857,320.254912696964,15.1015706806283,6.7167,1664.361,60.67513,14.93433,0.339,0.321070234113712,2.84461975097656,0.596720115532925,1,9.947565,12.78198,64.17495,0.0864953,7.032866,1.5464015,47.1660154,0.0,43.373976,42,S1 Csb-CA,"Figure-inferred box lon=[-123.0, -117.0], lat=[33.8, 39.2], state=CA; requested 30, selected 30",0,excluded,no_valid_windows,,,0,excluded,no_valid_windows,,,29768,ok,,-362.78378209490495,-77.52803463426199
10260950,WF MOJAVE R AB MOJAVE R FORKS RES NR HESPERIA CA,175.0671,18,34.33889196,-117.25782126,CA,3,,,,,6071,San Bernardino,,1.53749332037476,6.76013532274746,4.39685508428725,-1.30653994915015,0.004507965380229,17.964652917199,1.54980842911877,323.163898521628,15.4984025559105,175.0671,1271.65,212.9784,20.21562,0.361783783783784,0.337297297297297,2.09929022700879,0.968344137762035,4,10.29251,13.38881,58.34072,0.09034716,5.466043,1.530332,29.20279889,0.02107763,8.924577783,42,S1 Csb-CA,"Figure-inferred box lon=[-123.0, -117.0], lat=[33.8, 39.2], state=CA; requested 30, selected 30",0,excluded,no_valid_windows,,,8776,ok,,-442.49077712226494,-48.49940878997832,50710,ok,,-1416.5927610649837,-53.04719646056154
10289500,"Green Creek near Bridgeport, CA",50.7591,16,38.17380969,-119.2337656,CA,1,,,,,6051,Mono,,1.67763071612825,3.71509110543286,2.21448681746052,-0.93466233115775,0.855051714363391,19.6078968181542,1.55731922398589,289.366368558739,8.70474281897128,50.7591,2912.594,356.5926,38.72381,0.50218347509113,0.520048602673147,1.36591601308203,0.790375912890496,3,9.662569,10.70914,57.21408,0.07245553,5.670228,1.149589,17.9577618,0.0,0.0,42,S1 Csb-CA,"Figure-inferred box lon=[-123.0, -117.0], lat=[33.8, 39.2], state=CA; requested 30, selected 30",0,excluded,no_valid_windows,,,26459,ok,,-3183.2658253897675,-59.07376715722164,44569,ok,,-3583.233117345326,-76.88224694382637
10291500,"Buckeye C nr Bridgeport, CA",113.6448,16,38.23880787,-119.3259923,CA,1,,,,,6051,Mono,,2.07745113250593,3.87419849120886,1.86488068508047,-0.860603602661143,0.807728220966582,20.1408407860315,1.52693602693603,279.284845166393,8.02616464582004,113.6448,2801.766,310.0816,36.92357,0.464557922769641,0.478695073235686,1.97260454693003,0.692998799769105,3,9.459205,7.103097,67.31662,0.05720996,8.896628,1.32881,24.0567993,0.0,0.0,42,S1 Csb-CA,"Figure-inferred box lon=[-123.0, -117.0], lat=[33.8, 39.2], state=CA; requested 30, selected 30",57800,ok,,-1497.8629776789994,-37.1097259234621,29880,ok,,-943.4584749942683,-29.39693489651059,45575,ok,,-1775.777002702861,-41.34342560088758
10296000,"W WALKER R BLW L WALKER R NR COLEVILLE, CA",467.4168,16,38.37963662,-119.45016488,CA,1,,,yes,yes,6051,Mono,,2.05985304222182,4.07013334075561,1.97593384446759,-0.910032239928877,0.721337705298056,19.3858368315386,1.54513274336283,279.062785179777,8.01978302488832,467.4168,2695.877,332.3589,26.82365,0.455732225913621,0.480398671096346,2.05759963639499,0.798557518685678,5,10.03921,10.71486,57.63382,0.06880828,5.760738,1.2166385,19.1086184382,0.0,0.7553644500000001,42,S1 Csb-CA,"Figure-inferred box lon=[-123.0, -117.0], lat=[33.8, 39.2], state=CA; requested 30, selected 30",92787,ok,,-33.008031043594265,-7.589707505365094,32448,ok,,-28.090999269072746,-7.725914032334076,44759,ok,,-47.19699883897098,-10.508347917607772
10296500,"W WALKER R NR COLEVILLE, CA",632.1213,16,38.51324495,-119.44988719,CA,1,,,yes,,6051,Mono,,1.92773290375373,4.14230843675853,2.14879791110715,-0.903573394828132,0.642784738944484,19.1415708462615,1.53108348134991,281.039119060656,8.0765794511806,632.1213,2622.584,350.8444,26.93836,0.515780792186652,0.51709169831796,1.51714721802397,0.754099252785818,5,9.934584,11.73149,56.9283,0.06976694,5.451672,1.2734845,17.9905703887,0.0,0.7896269400000001,42,S1 Csb-CA,"Figure-inferred box lon=[-123.0, -117.0], lat=[33.8, 39.2], state=CA; requested 30, selected 30",92578,ok,,-30.621527723044352,-6.898791662702949,34680,ok,,-26.625904563977468,-6.776515342202936,52080,ok,,-42.728716847702565,-9.602741266345456
10310000,"WEST FORK CARSON RIVER AT WOODFORDS, CA",169.3294,16,38.76962765,-119.83378908,CA,4,,,yes,yes,6003,Alpine,nvbr,2.86410146900286,4.22919372148202,1.47662147003277,-0.952846708559157,0.663151689175749,21.11790472714,1.57190082644628,268.8258197968,7.42244022072348,169.3294,2460.679,225.417,24.52171,0.455397926117952,0.442644199611147,1.95019589030475,0.779631298522289,3,10.35387,4.92896,76.90104,0.06411474,12.30062,1.419744,41.59017236,0.0,1.3277134000000002,42,S1 Csb-CA,"Figure-inferred box lon=[-123.0, -117.0], lat=[33.8, 39.2], state=CA; requested 30, selected 30",83619,ok,,-458.7258274711563,-25.089219797344917,33888,ok,,-431.5985434247622,-27.06613723166285,48071,ok,,-906.5752958105626,-35.976355732120105
11051499,SANTA ANA R NR MENTONE (RIVER ONLY) CA,542.2689,18,34.108345,-117.100591,CA,1,,,,,6071,San Bernardino,,1.60043582204782,6.40166117448441,3.99994869290868,-1.20394131334893,0.257701796845691,18.6308328770457,1.57706766917293,315.214151000791,12.9398359161349,542.2689,2071.039,481.822,27.15545,0.518090207090207,0.541242541242541,1.62990956351954,0.966691248566901,4,10.06907,11.38682,60.7242,0.06752877,7.719143,1.5172255,49.0769598,0.001161785,10.80626136,42,S1 Csb-CA,"Figure-inferred box lon=[-123.0, -117.0], lat=[33.8, 39.2], state=CA; requested 30, selected 30",74168,ok,,-315.2704145924912,-58.62806408359602,34752,ok,,-241.2818270448201,-35.35147827041824,51983,ok,,-298.63159047200014,-73.46000666132817
11092450,LOS ANGELES R A SEPULVEDA DAM CA,402.6141,18,34.16167247,-118.46674899,CA,1,,,,,6037,Los Angeles,,1.1367595688386,5.94030828009977,5.22565056229864,-1.40382792973203,0.0,16.965382977429,1.55284552845528,332.312769970189,20.3605442176871,402.6141,361.0519,149.1185,9.445548,0.17284222462203,0.111231101511879,1.93677348144585,0.701012458331688,4,11.74691,21.12101,39.44618,0.1239905,3.184771,1.5112105,0.958088674,0.03777811,70.340611,42,S1 Csb-CA,"Figure-inferred box lon=[-123.0, -117.0], lat=[33.8, 39.2], state=CA; requested 30, selected 30",8584,ok,,-58.382875692324376,-32.95576277035572,34487,ok,,-67.96700497908081,-31.512776481267423,51095,ok,,-133.68945880081318,-49.21923540587969
11113000,SESPE C NR FILLMORE,649.9602,18,34.45082807,-118.9259322,CA,1,,,,,6111,Ventura,,1.58327537884042,6.57814629342337,4.15477078803635,-1.33128268109442,0.0044796021655916,17.3206789560139,1.56626506024096,323.18610452029,16.334455667789,649.9602,1251.493,333.1068,32.74717,0.511696752626552,0.513371537726839,1.40869857717022,1.22245608269553,4,9.906528,22.06912,36.28298,0.1444054,1.99552,1.46874,33.567626340000004,0.0,1.09335968,42,S1 Csb-CA,"Figure-inferred box lon=[-123.0, -117.0], lat=[33.8, 39.2], state=CA; requested 30, selected 30",88684,ok,,-5.076341276743597,-1.2797221107612868,34004,ok,,-2.1986107625473217,-0.14930131413508319,52100,ok,,-27.515688978379643,-3.7887143173367814
11140585,SANTA MARIA R A SUEY CROSSING NR SANTA MARIA CA,4264.25,18,34.96831,-120.40405,CA,1,,,,,6083,Santa Barbara,,1.14431990016426,6.62476668753422,5.78926110310872,-1.24446409310594,4.76120545846695e-05,19.3414248342155,1.52006980802792,321.676096611304,15.4930481283422,4264.25,861.3839,421.6564,22.76203,0.307451737602499,0.280749707145646,1.30340976788023,1.12497414551211,6,10.44381,22.18614,38.11292,0.140348,1.452605,1.473163,18.702210448,2.993085,1.949428233,42,S1 Csb-CA,"Figure-inferred box lon=[-123.0, -117.0], lat=[33.8, 39.2], state=CA; requested 30, selected 30",3888,ok,,-11135.989666131602,-101.4044657833758,15863,ok,,-1340.7202627058928,-290.3711676872109,51865,ok,,-628.110692673515,-204.20594954271235
11147070,SANTA RITA C NR TEMPLETON CA,46.9521,18,35.52386122,-120.76600772,CA,1,,,yes,,6079,San Luis Obispo,,1.24109042233984,5.64179358155381,4.54583604868795,-1.35754280378214,0.0,20.918050739186,1.67914438502674,322.741984547059,16.6483390607102,46.9521,444.6984,63.84632,18.35602,0.412553424657534,0.399543378995434,1.42701458307803,0.753440208212199,2,10.80064,26.90686,30.76167,0.1467916,1.586356,1.4402915,53.723477,0.1418467,4.874542109999999,42,S1 Csb-CA,"Figure-inferred box lon=[-123.0, -117.0], lat=[33.8, 39.2], state=CA; requested 30, selected 30",0,excluded,no_valid_windows,,,0,excluded,no_valid_windows,,,0,excluded,no_valid_windows,,
11151870,ARROYO SECO NR GREENFIELD CA,284.5467,18,36.23746164,-121.48160271,CA,1,,,,,6053,Monterey,,2.09040476060108,6.4333087668066,3.0775421526292,-1.35332767030993,0.000128285860723,20.8514327432013,1.64160839160839,310.573097280526,13.2317880794702,284.5467,899.5635,262.7309,39.01491,0.427272639068564,0.421733505821475,2.00598386583959,0.967623943626828,4,10.09014,16.03656,50.71018,0.09986079,3.835397,1.5339525,59.99880048,0.0,0.7553066,42,S1 Csb-CA,"Figure-inferred box lon=[-123.0, -117.0], lat=[33.8, 39.2], state=CA; requested 30, selected 30",0,excluded,no_valid_windows,,,0,excluded,no_valid_windows,,,0,excluded,no_valid_windows,,
11154700,CLEAR C NR IDRIA CA,36.783,18,36.364683,-120.756287,CA,1,,,,,6069,San Benito,,1.34538132706698,6.68190507391859,4.96655107328237,-1.33440610167789,0.0011642109852985,20.8958447405244,1.58952702702703,316.590922917807,14.5183299389002,36.783,1150.15,137.4126,21.15965,0.440589711417817,0.440401505646173,2.79976755405465,1.15594867194084,3,10.25833,33.83948,23.06516,0.1376467,1.078639,1.4017395,30.227553,0.0,4.56569627,42,S1 Csb-CA,"Figure-inferred box lon=[-123.0, -117.0], lat=[33.8, 39.2], state=CA; requested 30, selected 30",79974,ok,,-212575.8558747349,-1341.6538710481118,33259,ok,,-497975.03896380845,-1491.5594904592408,41610,ok,,-801228.6389328736,-2097.3563656762058
11170000,COYOTE C NR MADRONE CA,506.7963,18,37.1682777,-121.64966769,CA,1,,,,,6085,Santa Clara,,1.51805647161891,6.0172188960881,3.96376485893909,-1.24991869383432,0.0,23.8492425625114,1.60298507462687,308.77441138894,12.8630897317299,506.7963,545.4584,183.9406,23.77789,0.437710931174089,0.44331983805668,1.27641298197288,0.966134322606538,5,10.82824,24.97439,29.9541,0.1414834,2.079379,1.4661835,47.65009452,0.08612928,2.6412383430000004,42,S1 Csb-CA,"Figure-inferred box lon=[-123.0, -117.0], lat=[33.8, 39.2], state=CA; requested 30, selected 30",0,excluded,no_valid_windows,,,0,excluded,no_valid_windows,,,0,excluded,no_valid_windows,,
11172175,COYOTE C AB HWY 237 A MILPITAS CA,813.9969,18,37.422162,-121.927458,CA,1,,,,,6085,Santa Clara,,1.53579188385958,6.00859372391556,3.91237496894137,-1.2608528918499,0.0,23.7382125692036,1.58136094674556,308.707793392955,12.8603145235893,813.9969,430.2204,247.4529,19.29858,0.388532725615314,0.403828623518687,1.06809127509767,0.954023043576702,5,11.04323,26.79251,29.21927,0.14531,1.683279,1.4484115,35.408389789999994,1.536419,19.043365,42,S1 Csb-CA,"Figure-inferred box lon=[-123.0, -117.0], lat=[33.8, 39.2], state=CA; requested 30, selected 30",39613,ok,,-1875.4670088807313,-106.45438457300438,34968,ok,,-1401.0556096994608,-82.73065001135208,51679,ok,,-2345.418907313913,-131.17283886689938
11173500,CALAVERAS C NR SUNOL CA,255.2364,18,37.497714,-121.817733,CA,1,,,,,6001,Alameda,,1.51506737038389,5.94943468789925,3.92684497349565,-1.23731371983727,0.0002234321054491,24.1379205451116,1.5617816091954,307.6419054572,12.698441796517,255.2364,735.7164,226.0368,25.39658,0.494012709620477,0.513680494263019,1.05773123223277,1.00033733433006,4,10.50642,23.93423,30.55205,0.1418125,2.036284,1.463188,37.791084,0.01198889,2.5589218,42,S1 Csb-CA,"Figure-inferred box lon=[-123.0, -117.0], lat=[33.8, 39.2], state=CA; requested 30, selected 30",11753,ok,,-66084577.038841054,-10441.43564533573,35087,ok,,-301.43095192342514,-36.668602164006835,52030,ok,,-468.01068848240453,-87.67686742687
11174000,SAN ANTONIO C NR SUNOL CA,101.3481,18,37.577434,-121.857734,CA,1,,,,,6001,Alameda,,1.2598359971406,5.77221656019954,4.58172061546148,-1.23021680328274,0.0,23.9158605584961,1.54297994269341,310.617509277849,12.5678346810422,101.3481,492.9249,280.6022,21.91134,0.379112360594796,0.337360594795539,2.17760395622798,1.15262150943136,3,10.06442,27.64265,28.92265,0.1423153,1.673373,1.4551005,40.13089446,0.3179142,0.92177358,42,S1 Csb-CA,"Figure-inferred box lon=[-123.0, -117.0], lat=[33.8, 39.2], state=CA; requested 30, selected 30",32150,ok,,-284968.4839046539,-7083.636497479016,35087,ok,,-13851.899366356094,-944.2096494936541,52584,ok,,-61389.77191274743,-2585.6920411729634
11176900,ARROYO DE LA LAGUNA A VERONA CA,1044.58,18,37.62659915,-121.88301256,CA,1,,,,,6001,Alameda,,1.21545688477216,5.99019836430005,4.92835117341322,-1.24181548109722,2.37971237731461e-06,24.3821865303888,1.54647887323944,310.173389304618,12.9573283858998,1044.58,459.1242,289.8698,16.07211,0.325064298093588,0.240034662045061,1.16857726106656,0.978094545176052,5,11.39067,30.16135,25.52529,0.1420054,1.538696,1.4307715,16.931192093,1.346665,20.0651365,42,S1 Csb-CA,"Figure-inferred box lon=[-123.0, -117.0], lat=[33.8, 39.2], state=CA; requested 30, selected 30",0,excluded,no_valid_windows,,,34992,ok,,-416.0472692435987,-64.76093378549746,50711,ok,,-477.1969167184436,-88.83548968465563
11203580,SF TULE R NR CHOLOLLO CAMPGROUND NR PORTERVILLE CA,51.9264,18,36.048281,-118.654256,CA,1,,,,,6107,Tulare,,1.81314174435724,5.63796351524001,3.10949959250906,-1.1887712377795,0.0548859328507532,21.4954067043864,1.52201257861635,309.218531362171,12.4108734402852,51.9264,1892.143,355.6629,34.77251,0.449582398109864,0.421145894861193,3.0033378518227,0.799170556788069,3,8.93932,17.8364,50.71788,0.1221109,3.150226,1.383546,92.557543,0.0,0.0,42,S1 Csb-CA,"Figure-inferred box lon=[-123.0, -117.0], lat=[33.8, 39.2], state=CA; requested 30, selected 30",32006,ok,,-1443.4449242264154,-56.63860710859342,26088,ok,,-2742.1170968755987,-53.04187752825679,52584,ok,,-3655.9021774458724,-74.52716036651326
11204100,SF TULE R NR RESERVATION BNDRY NR PORTERVILLE CA,249.147,18,36.024116,-118.813426,CA,1,,,,,6107,Tulare,,1.81314174435724,5.63796351524001,3.10949959250906,-1.1887712377795,0.0548859328507532,21.4954067043864,1.52201257861635,309.218531362171,12.4108734402852,249.147,1348.665,515.6531,34.41452,0.417324249605055,0.409952606635071,2.89552427116043,0.744151846098889,4,9.426028,18.71625,49.97501,0.1273714,2.644652,1.4371685,65.039918,0.0,0.132572345,42,S1 Csb-CA,"Figure-inferred box lon=[-123.0, -117.0], lat=[33.8, 39.2], state=CA; requested 30, selected 30",25191,ok,,-140.20826389712755,-21.050927128407714,34919,ok,,-239.7158319352835,-18.87265321023365,52439,ok,,-340.71723870728584,-27.30121606062424
11204900,TULE R BL SUCCESS DAM CA,1015.851,18,36.05633997,-118.92370856,CA,1,,,,,6107,Tulare,,1.76338986116688,5.31284905153008,3.01286128979693,-1.2107204362358,0.0401891282905525,21.717466691002,1.55238095238095,311.128247247065,12.8896044158234,1015.851,1210.561,693.6747,29.99397,0.354187330623306,0.340785907859079,2.2658114517084,0.771430062085877,6,9.728335,17.61184,51.89518,0.1204786,3.085363,1.4442325,52.2125447,0.1694836,0.9368995725,42,S1 Csb-CA,"Figure-inferred box lon=[-123.0, -117.0], lat=[33.8, 39.2], state=CA; requested 30, selected 30",0,excluded,no_valid_windows,,,0,excluded,no_valid_windows,,,0,excluded,no_valid_windows,,
11274790,TUOLUMNE R A GRAND CYN OF TUOLUMNE AB HETCH HETCHY,775.6002,18,37.916588,-119.659894,CA,1,,,,,6109,Tuolumne,,2.44787939575348,3.79937316176918,1.55210798716646,-1.00340491078578,0.804079166155325,20.2074587820162,1.58813263525305,275.598649388575,8.106466361855,775.6002,2846.653,426.7274,33.69624,0.599376961483595,0.616619115549215,1.82695562372024,0.7342988049771,5,9.611833,5.806178,69.40913,0.05149383,10.13643,1.3631075,37.191253015,0.0,0.1520113,42,S1 Csb-CA,"Figure-inferred box lon=[-123.0, -117.0], lat=[33.8, 39.2], state=CA; requested 30, selected 30",0,excluded,no_valid_windows,,,0,excluded,no_valid_windows,,,0,excluded,no_valid_windows,,
11335655,DEER C NR CAMERON PARK CA,44.8875,18,38.62389,-120.99361,CA,1,,,,,6017,El Dorado,,2.20507942884955,5.30671387722821,2.406586269773,-1.20103536341744,2.81888007902908e-05,24.5598345196812,1.52762430939227,300.202895905579,11.4180743243243,44.8875,390.6442,50.33852,6.796788,0.557724579124579,0.575757575757576,2.07596253902185,0.956094681147313,3,10.79522,20.58693,44.32716,0.1640144,0.6655844,1.439504,21.8827105,0.05814536,35.3984988,42,S1 Csb-CA,"Figure-inferred box lon=[-123.0, -117.0], lat=[33.8, 39.2], state=CA; requested 30, selected 30",0,excluded,no_valid_windows,,,33328,ok,,-349.5402988917573,-41.28753353442866,15151,ok,,-169.83263879556304,-26.14400022807277
11447360,ARCADE C NR DEL PASO HEIGHTS CA,81.52355,18,38.64184848,-121.38273024,CA,4,,,,,6067,Sacramento,sacr,1.48679093435542,5.77072352619092,3.88132816312386,-1.21501757042872,2.41709940448372e-05,24.5820405183428,1.5375,308.197055423739,12.2606007067138,81.52355,47.53442,12.72514,1.050847,0.493153235294118,0.485294117647059,3.34324235342057,0.870095696274267,3,12.83192,22.3585,42.3726,0.141,1.324,1.5935,0.0,0.0,99.982339,42,S1 Csb-CA,"Figure-inferred box lon=[-123.0, -117.0], lat=[33.8, 39.2], state=CA; requested 30, selected 30",65675,ok,,-8.483425198596317,-5.48809297254505,34969,ok,,-14.116778711712607,-7.8535614951046355,51547,ok,,-21.44333580144579,-8.950405747225659
11451715,BEAR C AB HOLSTEN CHIMNEY CYN NR RUMSEY CA,247.9203,18,38.957674,-122.342754,CA,1,,,,,6011,Colusa,,1.60892736131898,6.30071675184036,3.91609770790095,-1.29306651743261,0.0008305018009926,23.3162985946341,1.62037037037037,306.7758715094,12.3568872987478,247.9203,560.475,166.7595,18.17915,0.339709110867179,0.288693743139407,0.902734337699975,0.962156386548419,4,10.66323,37.33702,19.87831,0.1247863,0.4885135,1.378971,4.83905513,0.1317762,2.0742959,42,S1 Csb-CA,"Figure-inferred box lon=[-123.0, -117.0], lat=[33.8, 39.2], state=CA; requested 30, selected 30",46644,ok,,-315.2812948855244,-65.16127771864313,34991,ok,,-505.31832141744974,-77.44778268466634,51665,ok,,-828.6380883599498,-130.18224214111623
11466065,BRUSH C A SANTA ROSA CA,26.9235,18,38.454911,-122.680264,CA,1,,,,,6097,Sonoma,,2.58610807854231,4.9861532274746,1.92805291814606,-1.25329718034361,0.0,23.7826245665267,1.53879310344828,299.869805925656,11.9716312056738,26.9235,193.6105,114.2476,13.01298,0.276442139737991,0.176855895196507,2.50858726133451,0.734899623005924,3,11.02767,27.27623,28.81065,0.1283316,1.026602,1.4600935,19.7392571,0.0,42.4402492,42,S1 Csb-CA,"Figure-inferred box lon=[-123.0, -117.0], lat=[33.8, 39.2], state=CA; requested 30, selected 30",0,excluded,no_valid_windows,,,15816,ok,,-54.73346959219347,-5.681060173317356,4800,ok,,-68.11133196259193,-6.997029060234536
11466200,SANTA ROSA C A SANTA ROSA CA,144.756,18,38.436579,-122.72471,CA,1,,,,,6097,Sonoma,,2.58610807854231,4.9861532274746,1.92805291814606,-1.25329718034361,0.0,23.7826245665267,1.53879310344828,299.869805925656,11.9716312056738,144.756,258.7199,159.4612,15.81971,0.2927,0.246947082767978,1.31588583894652,0.702219597115145,4,11.02968,26.99881,28.97646,0.1232649,1.267001,1.431451,34.052477,0.9891818,26.4225329,42,S1 Csb-CA,"Figure-inferred box lon=[-123.0, -117.0], lat=[33.8, 39.2], state=CA; requested 30, selected 30",10582,ok,,-7.937557226299049,-5.667955401245042,15864,ok,,-7.191956168022767,-6.462906971525088,30265,ok,,-12.226590218235673,-8.71594258478996
