station_id,STANAME,DRAIN_SQKM_x,HUC02,lat,lon,STATE,BOUND_SOURCE,HCDN_2009,HBN36,OLD_HCDN,NSIP_SENTINEL,FIPS_SITE,COUNTYNAME_SITE,NAWQA_SUID,is_dfb,p_mean,pet_mean,aridity_index,p_seasonality,frac_snow,high_prec_freq,high_prec_dur,low_prec_freq,low_prec_dur,DRAIN_SQKM_y,ELEV_MEAN_M_BASIN,ELEV_STD_M_BASIN,SLOPE_PCT,RRMEAN,RRMEDIAN,BAS_COMPACTNESS,STREAMS_KM_SQ_KM,STRAHLER_MAX,TOPWET,CLAYAVE,SANDAVE,AWCAVE,PERMAVE,BDAVE,for_pc_use,crp_pc_use,urb_pc_use,selection_seed,selection_region,selection_note,train_samples,train_score_status,train_exclusion_reason,train_nse,train_kge,val_samples,val_score_status,val_exclusion_reason,val_nse,val_kge,test_samples,test_score_status,test_exclusion_reason,test_nse,test_kge
01030500,"Mattawamkeag River near Mattawamkeag, Maine",3676.172,01,45.500975,-68.30595556,ME,1,yes,,yes,yes,23019,Penobscot,,True,,,,,,,,,,,,,,,,,,,,,,,,,,,,42,U2 Dfb(E)-GL,"Figure-inferred box lon=[-92.0, -67.0], lat=[42.0, 48.0] + Koppen Dfb screening from monthly climate attributes; requested 30, selected 30",67020,ok,,-0.869472298261355,-0.13245144777169982,25514,ok,,-0.8749027468680222,-0.016932575758895396,37446,ok,,-1.0454097343672868,-0.11627228977689752
01031300,"Piscataquis River at Blanchard, Maine",304.3764,01,45.267222,-69.583889,ME,1,,,,,23021,Piscataquis,,True,,,,,,,,,,,,,,,,,,,,,,,,,,,,42,U2 Dfb(E)-GL,"Figure-inferred box lon=[-92.0, -67.0], lat=[42.0, 48.0] + Koppen Dfb screening from monthly climate attributes; requested 30, selected 30",41199,ok,,-74.85599415664072,-11.115503160054743,23690,ok,,-50.79809924706093,-7.952799072518584,35598,ok,,-106.37344554179043,-12.001452900953902
01054200,"Wild River at Gilead, Maine",180.981,01,44.39044444,-70.97964444,ME,1,yes,yes,yes,,23017,Oxford,,True,,,,,,,,,,,,,,,,,,,,,,,,,,,,42,U2 Dfb(E)-GL,"Figure-inferred box lon=[-92.0, -67.0], lat=[42.0, 48.0] + Koppen Dfb screening from monthly climate attributes; requested 30, selected 30",68032,ok,,-0.00916178341916396,-0.21516735705116696,23663,ok,,0.14864007852871874,0.10313356208826896,35211,ok,,0.04307159874509536,-0.03875086781393766
01073319,"LAMPREY RIVER AT LANGFORD ROAD, AT RAYMOND, NH",144.3951,01,43.042307,-71.200618,NH,1,,,,,33015,Rockingham,,True,,,,,,,,,,,,,,,,,,,,,,,,,,,,42,U2 Dfb(E)-GL,"Figure-inferred box lon=[-92.0, -67.0], lat=[42.0, 48.0] + Koppen Dfb screening from monthly climate attributes; requested 30, selected 30",0,excluded,no_valid_windows,,,2132,ok,,-0.6460089712198587,-0.2674496753118847,46031,ok,,-0.47088990804240916,-0.84337111783031
01081000,"WINNIPESAUKEE RIVER AT TILTON, NH",1216.967,01,43.44174389,-71.58757528,NH,1,,,,,33013,Merrimack,,True,,,,,,,,,,,,,,,,,,,,,,,,,,,,42,U2 Dfb(E)-GL,"Figure-inferred box lon=[-92.0, -67.0], lat=[42.0, 48.0] + Koppen Dfb screening from monthly climate attributes; requested 30, selected 30",84351,ok,,-0.7337534338354339,0.002683017755274353,33959,ok,,-0.9573825258484623,-0.04527260965408586,52200,ok,,-1.0726858262748542,-0.10759853377618445
01085000,"CONTOOCOOK RIVER NEAR HENNIKER, NH",950.0697,01,43.1520236,-71.85730139,NH,1,,,,,33013,Merrimack,,True,,,,,,,,,,,,,,,,,,,,,,,,,,,,42,U2 Dfb(E)-GL,"Figure-inferred box lon=[-92.0, -67.0], lat=[42.0, 48.0] + Koppen Dfb screening from monthly climate attributes; requested 30, selected 30",0,excluded,no_valid_windows,,,0,excluded,no_valid_windows,,,0,excluded,no_valid_windows,,
01089500,"SUNCOOK RIVER AT NORTH CHICHESTER, NH",400.7988,01,43.2567475,-71.3695125,NH,1,,,,,33013,Merrimack,,True,,,,,,,,,,,,,,,,,,,,,,,,,,,,42,U2 Dfb(E)-GL,"Figure-inferred box lon=[-92.0, -67.0], lat=[42.0, 48.0] + Koppen Dfb screening from monthly climate attributes; requested 30, selected 30",0,excluded,no_valid_windows,,,5156,ok,,-0.17569286759715674,-0.055189439999187906,41547,ok,,-0.01703363219578824,0.016059651640531025
01091000,"SOUTH BRANCH PISCATAQUOG RIVER NEAR GOFFSTOWN, NH",266.7591,01,43.01480528,-71.64146139,NH,1,,,,,33011,Hillsborough,,True,,,,,,,,,,,,,,,,,,,,,,,,,,,,42,U2 Dfb(E)-GL,"Figure-inferred box lon=[-92.0, -67.0], lat=[42.0, 48.0] + Koppen Dfb screening from monthly climate attributes; requested 30, selected 30",0,excluded,no_valid_windows,,,2635,ok,,-0.574009442845806,-0.3956308327005609,42358,ok,,-0.20796549131045716,-0.2805204134601398
01091500,"PISCATAQUOG RIVER NEAR GOFFSTOWN, NH",519.1128,01,43.01675,-71.55062528,NH,1,,,,,33011,Hillsborough,,True,,,,,,,,,,,,,,,,,,,,,,,,,,,,42,U2 Dfb(E)-GL,"Figure-inferred box lon=[-92.0, -67.0], lat=[42.0, 48.0] + Koppen Dfb screening from monthly climate attributes; requested 30, selected 30",0,excluded,no_valid_windows,,,0,excluded,no_valid_windows,,,0,excluded,no_valid_windows,,
01092000,"MERRIMACK R NR GOFFS FALLS, BELOW MANCHESTER, NH",7987.65,01,42.94814056,-71.46340028,NH,1,,,,,33011,Hillsborough,,True,,,,,,,,,,,,,,,,,,,,,,,,,,,,42,U2 Dfb(E)-GL,"Figure-inferred box lon=[-92.0, -67.0], lat=[42.0, 48.0] + Koppen Dfb screening from monthly climate attributes; requested 30, selected 30",90689,ok,,0.35153123612746506,0.3396070666686152,33779,ok,,0.3503172147608281,0.3111188780487937,51405,ok,,0.2884480484063918,0.3024729488709591
01093800,"STONY BROOK TRIBUTARY NEAR TEMPLE, NH",9.3897,01,42.8600847,-71.8328544,NH,1,,,,,33011,Hillsborough,,True,,,,,,,,,,,,,,,,,,,,,,,,,,,,42,U2 Dfb(E)-GL,"Figure-inferred box lon=[-92.0, -67.0], lat=[42.0, 48.0] + Koppen Dfb screening from monthly climate attributes; requested 30, selected 30",74299,ok,,-1163.4505669860227,-56.49990292714664,28,ok,,-269383.7451129282,-66.97320413191235,0,excluded,no_valid_windows,,
01099500,"CONCORD R BELOW R MEADOW BROOK, AT LOWELL, MA",1035.51,01,42.63675806,-71.3020047,MA,1,,,,,25017,Middlesex,,True,,,,,,,,,,,,,,,,,,,,,,,,,,,,42,U2 Dfb(E)-GL,"Figure-inferred box lon=[-92.0, -67.0], lat=[42.0, 48.0] + Koppen Dfb screening from monthly climate attributes; requested 30, selected 30",98717,ok,,-0.4088449890730135,-0.21882656800564204,34824,ok,,-0.7582572781281889,-0.2596127587891548,51068,ok,,-0.32027071568943,-0.18587830780858594
01100627,"SHAWSHEEN RIVER AT BALMORAL STREET AT ANDOVER, MA",173.1114,01,42.671481,-71.149224,MA,1,,,,,25009,Essex,,True,,,,,,,,,,,,,,,,,,,,,,,,,,,,42,U2 Dfb(E)-GL,"Figure-inferred box lon=[-92.0, -67.0], lat=[42.0, 48.0] + Koppen Dfb screening from monthly climate attributes; requested 30, selected 30",0,excluded,no_valid_windows,,,16447,ok,,-1.9428668438729635,-0.377487467732613,40152,ok,,-0.6689586407084847,-0.20772397408737397
01103280,"CHARLES RIVER AT MEDWAY, MA",169.119,01,42.13982,-71.389503,MA,1,,,,,25021,Norfolk,,True,,,,,,,,,,,,,,,,,,,,,,,,,,,,42,U2 Dfb(E)-GL,"Figure-inferred box lon=[-92.0, -67.0], lat=[42.0, 48.0] + Koppen Dfb screening from monthly climate attributes; requested 30, selected 30",46021,ok,,0.2147403710966328,0.2904573403655849,32755,ok,,0.20350735998792024,0.2870641563980427,47303,ok,,0.34487697631533387,0.39499773515511194
01134500,"MOOSE RIVER AT VICTORY, VT",195.1299,01,44.51172311,-71.8373143,VT,1,yes,,yes,,50009,Essex,,True,,,,,,,,,,,,,,,,,,,,,,,,,,,,42,U2 Dfb(E)-GL,"Figure-inferred box lon=[-92.0, -67.0], lat=[42.0, 48.0] + Koppen Dfb screening from monthly climate attributes; requested 30, selected 30",63664,ok,,-9.091836420292738,-2.9715608059759866,23568,ok,,-6.7914034316928396,-1.9916277276302248,40852,ok,,-10.56109885548233,-3.169363512720529
01135500,"PASSUMPSIC RIVER AT PASSUMPSIC, VT",1124.902,01,44.36561471,-72.03926132,VT,1,,,,,50005,Caledonia,,True,,,,,,,,,,,,,,,,,,,,,,,,,,,,42,U2 Dfb(E)-GL,"Figure-inferred box lon=[-92.0, -67.0], lat=[42.0, 48.0] + Koppen Dfb screening from monthly climate attributes; requested 30, selected 30",70426,ok,,0.24763116652425987,0.23063368952632524,24424,ok,,0.07587606197155083,0.14405672260844937,36892,ok,,0.27431324722853834,0.20168552632005887
01161000,"ASHUELOT RIVER AT HINSDALE, NH",1089.694,01,42.7859158,-72.4861997,NH,1,,,,,33005,Cheshire,,True,,,,,,,,,,,,,,,,,,,,,,,,,,,,42,U2 Dfb(E)-GL,"Figure-inferred box lon=[-92.0, -67.0], lat=[42.0, 48.0] + Koppen Dfb screening from monthly climate attributes; requested 30, selected 30",78089,ok,,-1.29415293527717,-0.6865001716114714,30481,ok,,-1.431840208286665,-0.47844432025287653,43896,ok,,-1.83522154722499,-0.6703140724756154
01170000,"DEERFIELD RIVER NEAR WEST DEERFIELD, MA",1451.378,01,42.53591944,-72.6534233,MA,1,,,,,25011,Franklin,,True,,,,,,,,,,,,,,,,,,,,,,,,,,,,42,U2 Dfb(E)-GL,"Figure-inferred box lon=[-92.0, -67.0], lat=[42.0, 48.0] + Koppen Dfb screening from monthly climate attributes; requested 30, selected 30",98320,ok,,0.41549419450956115,0.5613863502360629,33864,ok,,0.3675944208192904,0.5581312391592058,45658,ok,,0.2827069255194117,0.46548412876289424
01170100,"GREEN RIVER NEAR COLRAIN, MA",106.9924,01,42.70341694,-72.6706475,MA,4,yes,,yes,,25011,Franklin,conn,True,,,,,,,,,,,,,,,,,,,,,,,,,,,,42,U2 Dfb(E)-GL,"Figure-inferred box lon=[-92.0, -67.0], lat=[42.0, 48.0] + Koppen Dfb screening from monthly climate attributes; requested 30, selected 30",83720,ok,,-8.600242604179577,-2.574537059310598,29304,ok,,-8.278249743234436,-2.13897576677615,43890,ok,,-11.682488988365925,-2.5473550923115336
01171300,"FORT RIVER NEAR AMHERST, MA",107.6271,01,42.3584236,-72.50592028,MA,4,,,,,25015,Hampshire,conn,True,,,,,,,,,,,,,,,,,,,,,,,,,,,,42,U2 Dfb(E)-GL,"Figure-inferred box lon=[-92.0, -67.0], lat=[42.0, 48.0] + Koppen Dfb screening from monthly climate attributes; requested 30, selected 30",36455,ok,,-13.340502968727575,-3.4078527704441512,0,excluded,no_valid_windows,,,0,excluded,no_valid_windows,,
01173500,"WARE RIVER AT GIBBS CROSSING, MA",510.3333,01,42.23620389,-72.2725806,MA,1,,,,,25013,Hampden,,True,,,,,,,,,,,,,,,,,,,,,,,,,,,,42,U2 Dfb(E)-GL,"Figure-inferred box lon=[-92.0, -67.0], lat=[42.0, 48.0] + Koppen Dfb screening from monthly climate attributes; requested 30, selected 30",93952,ok,,-0.37925857167753163,-0.19027459393934,32842,ok,,-0.4781791953156971,-0.03890485102821262,46256,ok,,-0.5092314170564864,-0.10527207082469059
03021350,"French Creek near Wattsburg, PA",239.6691,05,42.01533201,-79.78255074,PA,1,yes,,,yes,42049,Erie,,True,,,,,,,,,,,,,,,,,,,,,,,,,,,,42,U2 Dfb(E)-GL,"Figure-inferred box lon=[-92.0, -67.0], lat=[42.0, 48.0] + Koppen Dfb screening from monthly climate attributes; requested 30, selected 30",91736,ok,,-0.12399294797796512,-0.1976980671180848,31262,ok,,0.14547821962940755,0.01936971910064611,45115,ok,,0.17881026568576774,0.0666206111107831
04062200,"PESHEKEE RIVER NEAR CHAMPION, MI",345.1167,04,46.5568788,-88.0026337,MI,1,,,,,26103,Marquette,,True,,,,,,,,,,,,,,,,,,,,,,,,,,,,42,U2 Dfb(E)-GL,"Figure-inferred box lon=[-92.0, -67.0], lat=[42.0, 48.0] + Koppen Dfb screening from monthly climate attributes; requested 30, selected 30",15928,ok,,-24.1004561302913,-8.223546584394127,21718,ok,,-38.64659336764752,-8.652649291796246,5,ok,,-6473397.216478737,-100.42503171578949
04074548,"SWAMP CREEK BELOW RICE LAKE AT MOLE LAKE, WI",137.0151,04,45.479407,-88.997892,WI,1,,,,,55041,Forest,,True,,,,,,,,,,,,,,,,,,,,,,,,,,,,42,U2 Dfb(E)-GL,"Figure-inferred box lon=[-92.0, -67.0], lat=[42.0, 48.0] + Koppen Dfb screening from monthly climate attributes; requested 30, selected 30",13267,ok,,-172.46950801352403,-10.626575363727126,22946,ok,,-163.96457148907572,-10.736377585700865,5,ok,,-4248816.646309334,-542.7180886048228
04270510,CHATEAUGAY RIVER BELOW CHATEAUGAY NY,390.8169,04,44.96365596,-74.1310074,NY,1,,,,,36033,Franklin,,True,,,,,,,,,,,,,,,,,,,,,,,,,,,,42,U2 Dfb(E)-GL,"Figure-inferred box lon=[-92.0, -67.0], lat=[42.0, 48.0] + Koppen Dfb screening from monthly climate attributes; requested 30, selected 30",19685,ok,,-13.272979269518766,-2.5340095297826326,0,excluded,no_valid_windows,,,0,excluded,no_valid_windows,,
04285500,"NORTH BRANCH WINOOSKI RIVER AT WRIGHTSVILLE, VT",181.8963,02,44.29950278,-72.5787211,VT,1,,,,,50023,Washington,,True,,,,,,,,,,,,,,,,,,,,,,,,,,,,42,U2 Dfb(E)-GL,"Figure-inferred box lon=[-92.0, -67.0], lat=[42.0, 48.0] + Koppen Dfb screening from monthly climate attributes; requested 30, selected 30",80564,ok,,-8.720574081431067,-2.313345704000586,28632,ok,,-4.500552527882876,-0.918546817864496,43917,ok,,-5.9033645017064735,-1.391697147142199
04288225,"W BRANCH LITTLE R ABV BINGHAM FALLS NEAR STOWE, VT",11.9169,02,44.52339,-72.77179,VT,1,,,,,50015,Lamoille,,True,,,,,,,,,,,,,,,,,,,,,,,,,,,,42,U2 Dfb(E)-GL,"Figure-inferred box lon=[-92.0, -67.0], lat=[42.0, 48.0] + Koppen Dfb screening from monthly climate attributes; requested 30, selected 30",23467,ok,,-238.9803069538807,-17.17272268083934,31824,ok,,-203.63145114774193,-14.4624958003022,44399,ok,,-113.31183822204565,-10.742506410749261
04290500,"WINOOSKI RIVER NEAR ESSEX JUNCTION, VT",2625.0,02,44.47893867,-73.1387381,VT,3,,,,,50007,Chittenden,,True,,,,,,,,,,,,,,,,,,,,,,,,,,,,42,U2 Dfb(E)-GL,"Figure-inferred box lon=[-92.0, -67.0], lat=[42.0, 48.0] + Koppen Dfb screening from monthly climate attributes; requested 30, selected 30",77950,ok,,0.33960642241421046,0.3970766961150476,27619,ok,,0.3958906049826181,0.5053727153532789,39719,ok,,0.4983176407346662,0.5544640342087643
05124480,"KAWISHIWI RIVER NEAR ELY, MN",707.2242,09,47.9226749,-91.535126,MN,3,,yes,yes,yes,27075,Lake,,True,,,,,,,,,,,,,,,,,,,,,,,,,,,,42,U2 Dfb(E)-GL,"Figure-inferred box lon=[-92.0, -67.0], lat=[42.0, 48.0] + Koppen Dfb screening from monthly climate attributes; requested 30, selected 30",51036,ok,,-17.711404051776483,-2.2170775786359207,34896,ok,,-14.944250552628503,-1.912253844847685,51861,ok,,-11.613869227215824,-1.5353596716506486
05379400,"TREMPEALEAU RIVER AT ARCADIA, WI",1434.213,07,44.25440717,-91.505432,WI,1,,,,,55121,Trempealeau,,True,,,,,,,,,,,,,,,,,,,,,,,,,,,,42,U2 Dfb(E)-GL,"Figure-inferred box lon=[-92.0, -67.0], lat=[42.0, 48.0] + Koppen Dfb screening from monthly climate attributes; requested 30, selected 30",15184,ok,,-6.0324623542760225,-0.9303858581470654,29,ok,,-3649.154544513844,-26.193442643138162,9980,ok,,-2.650539920983673,-0.26528681732838355
